X32,tem_cov,mlst_cov,tem_cov_corrected
000774a6-5784-466e-8cb7-caa111dcafc5,68.5,42.9,1.5967365967365967
00734a71-979c-4518-bec7-9cb9e2ad164a,38,22.214285714285715,1.7106109324758842
007d12b9-f903-446a-9d66-184fb751cae9,72.5,37.94285714285714,1.9107680722891567
00decd65-8e22-4c8b-94ae-6d5791fa6310,86.4,52.542857142857144,1.6443719412724307
00e99f5e-902c-4842-b464-4cdaa4f98fbb,94.4,48.57142857142857,1.9435294117647062
00f9ff36-dcc6-453b-be28-04a53e482160,96.2,62.82857142857143,1.5311505229649842
00fbeece-3ed6-4f06-9022-99230eec44eb,74.9,36.042857142857144,2.078081648830757
01188b97-1bf2-4496-b1cc-c555c46d983e,81.6,46.58571428571429,1.7516099356025756
013cc60d-cf3b-4c62-885b-736339cac567,211.4,47.34285714285714,4.465298732649367
014b68b8-c04b-41a7-92ea-5e323ef8cdf0,625.2,37.27142857142857,16.774243004982754
01901f28-93c3-44ab-a176-539ae8cefcaa,106.1,47.785714285714285,2.2203288490284003
01ebf48a-dfae-4f34-8601-414bdd9d64d4,1596.6,45.128571428571426,35.37891737891738
02120408-3e82-44b1-b7ab-821a8cacb237,116,86.58571428571429,1.339712918660287
0240c711-0a61-4183-b31d-5309ad54e969,531.4,41.84285714285714,12.699897575964492
024d720b-7bf8-4524-bdd6-e9033cb3e91e,96.1,44.08571428571428,2.179844458846403
025e1932-35ca-4f87-9511-88f10fdc2ba7,216.60000000000002,19.02857142857143,11.382882882882884
02745057-7b57-442c-88d1-c4eab6209542,490.7,42.24285714285714,11.616165032127157
02cb1371-8085-46c0-af8d-075dacbdd5a9,1023.2,37.47142857142857,27.306138009912317
034e77f6-e525-42a6-a3fe-c86854b0622f,41.7,33.74285714285714,1.2358171041490265
034e9bd8-d506-41a9-915e-0dc27757ede4,112.1,44.27142857142857,2.5321071313326877
03684e44-0db7-4f51-a5f1-11801e845e37,166.8,41.871428571428574,3.983623336745138
03970aee-42a6-4a6b-9a30-ca460636e2e1,61.9,40.42857142857143,1.5310954063604238
04007f45-f3e8-40b4-88a4-07803967c8ac,471.1,31.557142857142857,14.928474422815755
0404accc-0e81-4ace-907f-bd965e5e7cf1,120.7,48.15714285714286,2.506377929397805
040574aa-6068-475c-8d6d-3f1687eb77c7,74.3,41.91428571428572,1.7726653033401498
0427d9d9-0483-47be-884d-7ec408034770,144.4,57.67142857142857,2.5038394847659156
045cf886-9e90-49e2-9575-f1ad18c1e1fd,90.5,36.82857142857143,2.4573312645461596
05b38397-9080-496b-86de-69d0a57fc9ab,59.5,48.25714285714286,1.2329780935464771
05c6d3c5-a2e3-4d57-916a-896707c0e7a3,53.2,45.1,1.1796008869179602
064dcc28-eebb-454d-8595-f061980ab5ad,79.8,49.68571428571428,1.606095457159287
06803bb8-fae5-457b-9bed-9d48e9341680,4947.4,101.54285714285714,48.72228474957794
06a6f7ac-e10b-4ce1-af6f-8635946e00c5,609.4,53.51428571428571,11.387613454351309
06dcfd16-9045-4ca3-8924-ef758e7c7ae5,72.7,53,1.3716981132075472
0756600d-3aaa-4e6d-903e-ca1013923338,78.7,40.385714285714286,1.9487088786699682
07d4581b-0166-4ffb-ae72-c894acb61663,101.8,104.31428571428572,0.9758970145165707
07f7ca5d-acf9-4824-acdb-b3a5077ee7ca,94.1,49.32857142857143,1.9076165653055313
08110dce-3d4b-4c56-8fe7-df2d29133bbc,572.8,38.24285714285714,14.977960403436683
081f6f17-bbe9-4088-8b1f-6e5560cd1a13,98.8,47.285714285714285,2.0894259818731116
086d7751-ee8e-47d6-b391-3de69de8ccea,103.2,51.92857142857143,1.9873452544704264
08950ca2-5b0b-4068-8305-33c608a6cacc,109.4,48.97142857142857,2.233955659276546
08cc2f3d-d935-4520-9588-bcedfb3366f2,64.5,41.128571428571426,1.5682528655783259
08ddc6b8-0f1e-4c7b-b600-36eb2281b06b,126.2,33.77142857142857,3.736886632825719
08e219e7-1ee9-4dec-9eb2-6141a0bb8692,76.6,33.7,2.272997032640949
08fe1c74-bb14-4522-8d2d-1ca0bc7edc24,167.4,104.2,1.6065259117082533
09592888-bdab-405b-a5d8-9d8eadce8a9d,157.5,81.39999999999999,1.934889434889435
09bcaead-604f-4871-8e22-3475ac8c45d1,97.2,44.24285714285714,2.196964804649661
09ce3660-d309-41a5-bd7f-24f9bf45915e,144.5,54.75714285714286,2.638925123923819
09edc6f3-a427-42d5-9949-44f25c16c589,98.7,44.1,2.238095238095238
0a0c39e3-22b0-433f-aa5c-b16610b8041a,50.9,35,1.4542857142857142
0a3407c0-c168-4abe-8ca6-0ea0d4df3ea5,74.5,42.214285714285715,1.7648054145516074
0a4dce58-4a01-4abb-9301-3e6ba37c81f5,126,62.07142857142857,2.0299194476409665
0a702257-6e95-4426-97c5-1146f63d737b,125.3,55.34285714285714,2.264068146618482
0ac35132-54a4-4e6a-9654-bb428864eb2e,155.3,50.92857142857143,3.0493688639551193
0b2279f1-2c90-4e22-bd3e-a1751ce9c18a,83.2,47.642857142857146,1.746326836581709
0b23983d-2e95-43f9-8ece-ed233333d50b,102.9,37.6,2.7367021276595747
0b27534d-cdd7-4ac1-bb50-4ea42a85f364,161.5,79.54285714285714,2.030352011494253
0bb6dcf8-ad8f-470b-babd-cbffaae37ded,91.9,39.72857142857143,2.3131966918374687
0bd449f2-b6f5-4f3f-bbb8-5784415c6899,448.8,47.77142857142857,9.394736842105264
0c4950a1-1df1-4fda-9729-7e68f811176f,76.3,43.75714285714286,1.7437153117858306
0ca20a4c-4aa6-4a3d-94c0-67749bb48a3c,629.7,38.542857142857144,16.33765752409192
0ca54088-8a5c-4fc9-aa7e-83d5a85afb01,353.9,41.42857142857143,8.542413793103448
0cfbfbe7-354a-4014-806c-bef148f3ff68,102.5,39.55714285714286,2.591188154568436
0d1c0a8e-b14a-459b-b057-116501def326,226.4,54.114285714285714,4.183738120380148
0d4789a2-71a6-4db7-b0c0-bb15a9ade85d,122.9,56.371428571428574,2.180182463253928
0d88da70-e4de-4dd6-93f3-aba2ab0dacb0,90.4,27.486666666666665,3.288867329614359
0d95fe0c-8b34-4d43-b5fa-5245fcb3ebd3,340.6,72.24285714285715,4.714652956298201
0d9b6457-3985-4783-9a1f-eb4303e07546,54.4,31.6,1.721518987341772
0ddbd736-b2de-4af8-bec1-fb504ce3bac8,194.7,118.44285714285714,1.6438306597515377
0e3ebaa1-4f7a-4072-95a3-00eb03278852,134.4,82.47142857142858,1.6296552918759744
0e951afd-e5c5-4ae4-988d-d9f224ec7689,119.2,72.75714285714285,1.63832711564893
0eb633ad-7c42-49f1-8d77-dc26e1d0fa63,136.9,93.02857142857142,1.4715909090909092
0efc7b1e-fdd3-4c54-83b3-8acfe49c67f4,639.2,27.47142857142857,23.2678107124285
0f117678-c4fb-4bf5-8353-e8c3d5777d6f,78.7,40.214285714285715,1.9570159857904086
0f35ad2f-27be-49ac-ba95-f5ee58d5f645,337.2,89.47142857142858,3.7688008941401883
0f3a8c27-3590-4ee2-9551-b818deb55829,168.7,91.4,1.845733041575492
0f7cb97d-6ee7-46bd-add5-446a97f6b422,189.2,36.371428571428574,5.201885310290652
1083aa05-2f07-4c22-9184-9c8cdac5e321,75.1,33.614285714285714,2.2341691457713555
1088d896-99e3-41a9-97ea-cad622749474,193.1,18.87142857142857,10.232399697199092
10ee6c93-6c0a-48a2-aa11-c05ec1ec05ac,99.9,45.42857142857143,2.199056603773585
11c0ca61-3084-4173-b383-c168687a362e,578.7,18.585714285714285,31.13681783243659
11d92fa5-9fcb-4f9a-a1b4-6d81e2ad400b,150.3,80.24285714285715,1.873063913120883
121f3bfc-75d7-4e0a-8671-e89c3798f154,115.2,57.84285714285714,1.991602864904915
1266f7c3-0745-44db-afdc-f9b4f21a88d3,120.9,34.75714285714286,3.4784217016029593
12885be0-e7d8-4fb7-bab1-de366f8a2a15,132.6,52.457142857142856,2.5277777777777777
12c1b9c1-90fe-4af1-9e00-fef38d0d1669,132.9,46.471428571428575,2.8598217030433446
12cf0731-f4b8-4d9a-9bfe-40bb9a3eceea,104.9,36.628571428571426,2.8638845553822154
131e5e5f-9e96-4d4e-a0a0-fd3398f6e5c8,99.7,56.94285714285714,1.7508780732563973
134e3804-6600-4b91-ab59-5ccc36b172c7,98.4,47.75714285714286,2.0604247681723002
1353d1a9-5aa8-4b85-b00b-698fb4f88cbd,345.9,58.22857142857143,5.940382728164868
135e7616-54ba-4aa7-aebb-09003f5b54a6,192.3,34.67142857142857,5.546353522867738
138cf490-f020-4288-aed9-9e2908b27c3d,88,43.714285714285715,2.0130718954248366
13a4b49b-f57c-461a-9330-21d2a597eb54,86.3,42.31428571428572,2.039500337609723
13ecbd76-da32-4fc4-8d8d-ba85b71fd0a7,99.3,51.58571428571428,1.9249515369703685
14534de7-4a7b-469b-8451-5bda30ac96b6,85.4,39.84285714285714,2.143420580853353
14bf1a04-5376-4323-a26b-982e0a2a4a68,70.7,49.55714285714286,1.4266359181320265
14ca074a-80e2-4491-84fa-74ee2c670315,99.6,47.24285714285714,2.1082552162080437
16873c0d-5d78-4584-972f-95d635d15200,196.8,46.44285714285714,4.237465395262996
16b8b4dd-bc5e-4fb1-9291-1c3a1a0d5787,132,39,3.3846153846153846
16d44331-086e-4a5a-ade7-3a14d7bdcbcd,183.2,61.92857142857143,2.9582468281430216
17084f17-eede-4adc-a691-5446b4e459f5,119.9,46.58571428571429,2.5737503833180004
170a7599-23a8-4ba6-9563-61b79fc30c4e,916.9,43.31428571428572,21.16853562005277
1740edc5-76b3-4909-8677-c325b964d614,104.4,45.1,2.3148558758314857
17597a5b-feae-4bdc-a1db-4dac0b2c603c,405.5,31.942857142857143,12.694543828264758
175db4fe-65a1-403d-9829-ba79f4acde2b,690.9,23.02857142857143,30.001861042183624
17a333bf-81af-42f3-9220-30e63bd3d6c9,917.5,65.17142857142858,14.07825515124945
17c78ccb-8923-4504-b8f6-d5fd8b9fb1a4,92,46.15714285714286,1.993190962550294
17f8eda0-e9fb-4662-ba09-3ab7f7b65c61,860.8,50.714285714285715,16.973521126760563
1813544a-51fe-4908-acc5-1d893d149f61,274.9,62.02857142857143,4.431828650391524
182589b8-4c14-4420-95f2-c2f2e224ce30,565.8,41.25714285714286,13.713988919667589
184a6768-de51-4cf8-9020-66e3550a2bd4,164.9,89.25714285714285,1.8474711907810502
185e8999-6e7d-4222-8105-b993fe204dfe,93.4,33.971428571428575,2.7493692178301092
18944db2-5e97-4322-859c-ec29ea213dc2,193.5,105.21428571428572,1.8391038696537676
18f1e164-8efa-4a53-80d3-933330317637,151.3,24.557142857142857,6.161140197789413
18f603c4-62d1-460e-92c9-f7c5dc2da173,116.8,46.542857142857144,2.50951503990178
1945e7f4-6fb8-475d-83f7-b7797c17c515,112,53.871428571428574,2.079024131530098
198add03-e621-45b1-8caf-481ea2dcaaa4,66.4,41.75714285714286,1.590147109134451
19ac1ef4-26a2-4f4a-a587-aab58c10b3a6,74.6,37.08571428571429,2.0115562403697993
19b59042-86cc-4971-92ba-2cb3cc14d75f,76.4,61.75714285714286,1.2371038630580615
1a2635a8-a216-4766-a750-ff5d96a76466,443,101.15714285714286,4.379324954102528
1b06ceb4-031f-44da-927b-20e31889abbe,100.9,50.885714285714286,1.9828747894441325
1b55ac76-f4fa-4612-b00d-c91d9427faf0,122.2,56.357142857142854,2.1683143219264895
1b5e7e37-7f10-4d3f-a84d-1b2500bfcfb4,168.4,42.17142857142857,3.9932249322493227
1bc8ab59-3f2b-470f-84ac-c50fa1682136,77.9,30.7,2.5374592833876224
1bc952b3-000e-4555-94be-bd5a52d86f77,500.40000000000003,47.714285714285715,10.487425149700599
1c2a475f-944e-40b4-9540-9ad9fc777452,54,23.757142857142856,2.2730006013229107
1c9f6ed1-20ab-4c35-9c8c-dab6c3e5ba7c,63.6,49.32857142857143,1.2893136403127716
1cde82fa-5fa6-42c6-9819-75b87636f6fe,77,46.92857142857143,1.6407914764079148
1ceef0f1-fe05-4a23-bdc0-22aca386db89,99.6,48.34285714285714,2.0602836879432624
1d03a754-7f3a-4329-a30d-e2c131c172d1,119.8,52.27142857142857,2.2918830281497677
1d1eb0db-fc40-42b2-8432-51e10645cece,355,51.542857142857144,6.887472283813747
1d4ca1ea-a518-4ac4-8a40-fb430bf90abe,163.6,44.5,3.676404494382022
1d8bd4ba-914b-426d-994f-33de06bce224,63,38.48571428571429,1.6369710467706013
1d9542b2-cf4a-4d6e-9851-ed7dd38d0126,525.4,56.614285714285714,9.280343174362857
1db7a130-caae-4bdb-a835-417130f7bdf3,119,55.614285714285714,2.1397379912663754
1e08c582-2877-4270-b7b9-57e1c492c4a1,83.1,36.82857142857143,2.256400310318076
1e41113a-048a-4f7d-8948-8bb152dc8ae4,87.9,44.128571428571426,1.9919067659436713
1e6618a1-53d7-4cdb-9fc4-e70f4684406f,165.2,105.15714285714286,1.5709822035049585
1e805e34-e750-4b92-b475-7aee0df3eae5,91.9,38.65714285714286,2.377309682187731
1ea796dc-48bb-42ee-8f2b-06824c20a881,125.9,43,2.927906976744186
1f850b95-0ae7-42c3-af06-9b1131690dde,70.5,35.18571428571428,2.0036540803897687
1fec59fa-9760-422d-afb8-0317218e75e7,42.8,39.57142857142857,1.0815884476534297
2000e054-0287-4fc4-8eb1-2b1c9236338a,85.1,29.785714285714285,2.857074340527578
2048425c-9358-4983-923a-8dc8949e1f5e,129.9,74.38571428571429,1.746303053581717
20728cdb-7599-4c20-8aaa-9788572a8d82,70.8,37.028571428571425,1.9120370370370372
2094c45a-ad91-4ef9-b423-45c7507869bf,912.8,29.9,30.528428093645484
20b956a0-616b-4b15-b8a8-f8800b7c7a2c,254.3,30.557142857142857,8.322113136979898
210a940d-7002-4075-95eb-676cc83a2fc2,78.1,43.471428571428575,1.7965823200788693
212237af-ca83-46e6-9f2e-d6c211761dee,63.5,74.57142857142857,0.8515325670498084
21282296-078d-4afd-9784-3e1b4b94ee5c,66.1,51.142857142857146,1.292458100558659
212eb2a9-d013-4ca3-a0c1-40d6cc2e4848,168.8,48.114285714285714,3.5083135391923994
2165b46a-7ae4-4b06-896f-3209a2162dbc,57.3,47.55714285714286,1.2048663262240913
2190e4dd-5d2f-4c97-9fed-92607247fd90,101.4,29.642857142857142,3.4207228915662653
22a88629-a247-438f-8429-5abab374b68c,149.5,42.91428571428571,3.483688415446072
22db17c7-d0b6-4d4a-bfeb-4fc43fb1c870,476.4,50.42857142857143,9.447025495750708
22de8ee1-57d3-473d-ae87-52a897bc780a,169.5,54.02857142857143,3.1372289793759913
22ec1f35-5e14-4683-8355-6bf718f952b2,756.9000000000001,53.51428571428571,14.143886812600108
22efaed6-3a96-4257-8d9b-175ba90fdacb,100.2,89.44285714285715,1.120268327743172
22f36946-a53b-4ad8-b5ca-9246f8336b16,104.5,99.45714285714286,1.0507038207411663
23087e1c-a89f-4479-bd97-72f6a64a68ac,89,51.542857142857144,1.7267184035476717
231066cc-6eef-4d84-ad83-e47237c54599,100.3,23.914285714285715,4.194145758661888
236ea5ef-da75-4808-9af0-2290be2d4b2f,75.3,31.557142857142857,2.3861475780896333
23ada49d-5eb3-40b0-a860-f9becaa9b01a,108.3,48.47142857142857,2.2343059239610965
24552e7b-a24c-4e78-9873-f828a11fc111,875.8,84.01428571428572,10.424417616051691
2495349a-a7a7-44d0-8248-59217b9ccdfd,56.7,38.357142857142854,1.4782122905027935
251b4e7b-8938-4530-bd5e-98404fe1a576,178.8,42.285714285714285,4.228378378378379
253b8d49-97ec-484e-b790-8d5dc9a0c8d8,1676.1000000000001,103.22857142857143,16.236783836147247
25769f92-0939-4820-99a2-45bad11db27d,109.7,51.128571428571426,2.1455713886560495
25ab3532-2e70-44bc-8bb1-cca43e1ed9fb,97,39.05714285714286,2.4835405998536944
25bd9719-0055-44ad-a122-c490f08044b6,65.7,51.628571428571426,1.272551189817377
261017a0-0b63-433d-87ae-ee5f3e3e6056,82.6,38.72857142857143,2.132792327554408
2628e27f-ee9d-4775-8b4b-1b94ef7be6ee,499,35.48571428571429,14.061996779388084
266d8747-6f21-4e8d-80dd-0f0ab71537c0,75.3,51.3,1.4678362573099415
267d42ae-bbec-4a60-8c3a-c55d64484b64,158.1,56.457142857142856,2.8003542510121457
269b2d27-fe11-4411-99ae-ccf3e704c3f2,84,51.51428571428571,1.6306156405990018
269dfd37-b459-4f4a-b504-921f38270d68,436.2,69.84285714285714,6.24544896706893
27629192-2c4c-4969-9ca5-db30914d03ec,126.4,53.6,2.3582089552238807
27d1f6fc-76d4-4f88-9fd6-de1143045af7,84,40.528571428571425,2.0726119139936556
2834621c-ac9b-4def-a66b-2b60323a73e3,319.6,46.142857142857146,6.926315789473684
28c692c6-5512-4414-9d03-9663fb1a9c4d,78.6,70.94285714285715,1.1079339508658879
28cfd66c-4b98-4dd5-8f32-eabeef3fe2fb,127.7,58.628571428571426,2.1781189083820665
293df4d6-3962-4a9e-84d5-c0ca4d02430e,68.6,43.214285714285715,1.5874380165289255
29bcca51-bee9-47b3-92c6-595d05f8f14c,104.6,63.114285714285714,1.6573110004526934
2a06c84b-7b37-415f-9714-8d7e17b00cff,125.2,54.58571428571428,2.2936404082700865
2a12cc4d-c65b-4654-81a9-83a261004739,550.8,58.699999999999996,9.383304940374787
2a4e0255-16fe-4b3d-a0ed-61d2810a7941,231.1,86.22857142857143,2.680086149768058
2aaa96dd-e45e-4bf6-b907-92ac907d8f2c,1124.2,47.32857142857143,23.753093872623
2affa3a9-2768-4361-b279-9cb14f2c1822,132.5,48.871428571428574,2.7111955568547206
2b4ae1a8-5941-4e13-b788-b9f5aba7408e,78.1,36.92857142857143,2.114893617021276
2b69f649-d756-45a9-8f20-26d04fa9a275,67.3,44.542857142857144,1.5109044259140474
2b943914-08eb-42c6-a455-917ea155ed9b,813.5,47.68571428571428,17.059616536848413
2bca19f6-e0c3-44b9-8d8b-29a8fe8c5d7d,97.4,28.042857142857144,3.4732552215995924
2c11aa2e-b253-495a-aae7-8b3ca2de1872,85.4,46.385714285714286,1.8410840776101018
2c3735c9-10ec-44b3-94e5-93eec67c06bb,550.1,44.05714285714286,12.486057068741895
2c508326-ba04-43b8-9071-7fdb215270c1,148.6,34.542857142857144,4.301902398676592
2c5f7d71-bcf0-4ae1-b19d-5c41dbe8b356,95.5,38.22857142857143,2.4981315396113604
2d024f58-7218-4268-9ff5-320c7be62aaf,134,43.6,3.073394495412844
2d643cef-a5db-4f38-bf56-b50abcda6c91,861.9000000000001,59.95714285714286,14.375268048606147
2d6ad794-9668-4e98-b8b7-8009661f563f,359.5,90.1,3.9900110987791346
2da76a28-cf9e-4d9d-98fe-b16c2e9314f2,114.8,57.91428571428571,1.9822397631968427
2dcf5e1a-7cf5-4975-8087-2d9eb36d62af,167.5,59.08571428571429,2.8348646034816247
2e072381-61d9-47b6-8015-326545e7f009,96.3,53.714285714285715,1.7928191489361702
2e0a5390-0251-4add-ba6b-ecab76fe6f9f,42.8,33.52857142857143,1.2765232211333615
2e70232a-3bda-450d-8423-86f8f4c9e7ae,150.6,58.599999999999994,2.5699658703071675
2ead7237-ce0f-4c09-826b-cbd1d0a60bb0,114.4,42.471428571428575,2.693575512949882
2eb88fe5-82dc-4da8-a765-bc37703ed1ca,306.6,48.65714285714286,6.301233118027011
2eecae02-a749-4a34-83d4-33e9c2e74f3e,94.5,52.35714285714286,1.8049113233287857
2f323715-3e85-403f-8a6e-7eddb06d7539,857.6999999999999,47.957142857142856,17.884718498659517
2f4b606e-4bcf-4743-86a3-01e2c1b7e3de,70.6,35.44285714285714,1.9919387343812978
2f5b8a5c-ec5a-4142-8432-72400fcc499b,115,64.24285714285715,1.7900822770736045
2f875523-e063-49ee-9a4d-9c345a21e2a8,88.4,85.62857142857143,1.0323656990323657
2fc8a960-e94c-4472-a5ee-180f4f03f52c,163.5,44.471428571428575,3.676517828461291
2fe907a6-25cd-402c-bdab-17cb4bf72171,79.7,27.47142857142857,2.9011960478419136
30071b6c-8afb-42d5-ae09-e61b37b9e2b8,1912.7,38.65714285714286,49.478566149297855
30126538-40be-41f5-ba6d-7cf76083253a,121.4,114.6,1.0593368237347296
301379bd-0f06-4d6c-a88b-51ce4abefb46,87.3,53.42857142857143,1.6339572192513367
302015b9-e2b3-4c88-adc2-f89878c471a8,149.9,52.8,2.839015151515152
304334fd-505c-4c17-8a4c-f9a72f756b4b,83.8,52.7,1.5901328273244781
3094d1b8-67e3-4432-91ad-44c3008658e6,203.8,93.94285714285715,2.1694038929440387
309e85f9-35fc-4615-b115-97b37724384c,80.9,62.294642857142854,1.2986670488748748
30abf5d1-f4cd-4439-a0e8-8c2ad96f3467,274.8,109.4,2.5118829981718465
30d2a4f5-7ba8-475b-8010-1dec21a88074,753.5999999999999,48.67142857142857,15.483416495450541
313bde60-3d8b-4857-8e25-806fedde2867,284.7,124.75714285714285,2.2820336654070768
318b6399-c90e-4701-9961-5f6f5e8e7166,562.3,38.41428571428572,14.637783562662698
31a11469-d856-4066-9f78-1577a1c4ae74,69.1,49.885714285714286,1.3851660939289805
31eb2c10-20da-45f7-9a0c-4566001957ad,50.1,38.64285714285714,1.2964879852125695
321ef7fe-5846-4f4d-9318-52ae5b0b143c,561.9000000000001,37.94285714285714,14.809111445783135
32534dbe-3f9a-4247-993d-ef3211f58dbe,107.4,49.24285714285715,2.1810269799825934
32a875dc-9871-4220-869f-01f79b21cfd7,82.5,31.314285714285713,2.6345802919708032
32cf3c06-22a4-4d26-abf6-6444dad5070f,38.5,20.2,1.905940594059406
3378378c-c8b3-4339-ad5a-4d75f8a2aa5e,94.6,43.57142857142857,2.1711475409836067
337fca7b-e5f4-4ee8-bd3f-5b27cfd99042,142.5,24.771428571428572,5.752595155709343
33b99002-bea2-40fe-8491-ad466a1cf512,115.6,51.57142857142857,2.241551246537396
33d07f00-c220-4119-b168-2a8a78dc7859,147.5,43.957142857142856,3.3555411114722133
33de56ff-506f-4a39-97d8-da5ed37313f0,74.7,22.52857142857143,3.3157894736842106
345f7a9b-0303-49ce-9dd7-6ce33b868f8b,93,29.82857142857143,3.117816091954023
3487b9ad-9d51-40ce-8992-c70d8d15b3d2,57.7,44.67142857142857,1.2916533418612088
34987fb2-083b-4662-9c03-8c7ea70511e6,78.9,40.576190476190476,1.9444900833235537
34c13f56-0b63-4f08-b490-c3f24614e4e5,69.3,34.1,2.032258064516129
3503a750-54f1-48ce-bc9b-d6b3deba5d7b,1445.4,39.25714285714286,36.81877729257642
35cbd326-8c6b-447e-88fd-829981de5085,152.4,106.95714285714286,1.4248697742754108
3605755d-3ae8-42d1-9acd-44a8dcdbe51d,531.8,40.714285714285715,13.06175438596491
361b05d4-dcde-44f6-af85-24bb2c695313,123,49.68571428571428,2.4755606670500288
36b00ed8-c689-4a4f-a1b8-92b0d27ed8b9,80.2,40.971428571428575,1.9574616457461644
36b5bf64-8d64-409e-9f2f-b0cb59161cb9,108.2,43.214285714285715,2.503801652892562
36bb9b7a-0dba-4e94-8603-1f26847de8e7,70.2,58.77142857142857,1.1944579484686437
36c14d69-7bd8-468d-bd31-05d9eae146d6,475.9,84.14285714285714,5.655857385398981
3768afbe-a465-4c2f-b713-e5c6f3d7f484,92.6,45.55714285714286,2.0326121041078706
377cf2f4-f009-4ca1-be33-fef8776ae548,71.4,46.84285714285714,1.524245196706313
37ce6e04-01b1-4a88-b8e5-d23aeec6c232,84.9,25.814285714285713,3.2888765910348647
37ed5b52-ae19-4e1b-aab9-1c8e1ff092f3,90.7,46,1.9717391304347827
37f7568d-0eec-4081-8c96-7a9d42710390,208.3,48.3,4.312629399585922
38434407-fa5f-4296-99be-2750909179f9,69.7,46.22857142857143,1.5077255871446231
385683eb-156a-40bc-8119-f1acbf204a1b,119.6,39.08571428571429,3.0599415204678357
389ef33b-8677-40b6-b160-3102d31d3e2b,104,52.48571428571429,1.9814915623298857
38ba48de-56cb-47e4-a60a-c691d8afd247,60.9,48.142857142857146,1.2649851632047477
38eb91d0-ac20-401b-b3a0-9c1234692e0c,47.5,26.914285714285715,1.7648619957537155
39917b72-4e59-442d-9dfb-e7de9d397a24,124.7,35.857142857142854,3.4776892430278887
3a0cf476-8036-4ef1-aed3-3e6688ac585b,618.2,36.4,16.983516483516485
3a9b4d9d-13ff-4c02-aa84-b4127f0947fe,101.8,55.82857142857143,1.823439099283521
3ac597cd-1b67-4f2f-bce3-9e9a5fd1e706,110.8,54.27142857142857,2.0415898920768623
3ac8e22f-029f-47d8-bca9-06289da35550,70.4,41.97142857142857,1.677331518039483
3ace2797-1fa5-4c6d-990a-8aac23c9a112,62,23.32857142857143,2.657685241886099
3aee63d6-f29d-4c7e-994e-aa00b124627a,132.2,51.971428571428575,2.5437053326003296
3bba80a2-7cf5-4e21-abd9-99b361bd9733,67.8,35.51428571428571,1.9090909090909092
3bc22448-4e66-4fc0-864f-8942d1bf7986,71.6,39.98571428571429,1.7906395141121827
3bd5e2d8-b03c-4392-9371-c4e4b05592c7,56.4,41.67142857142857,1.353445320534796
3c0108d3-3203-4d59-8936-2a2c3162455c,141.8,40.785714285714285,3.476707530647986
3c079c92-435e-4f79-94d9-a9d651653283,63.3,27.900000000000002,2.268817204301075
3c4443cc-368b-4aa2-ae98-aa0c1c625016,101.3,50.91428571428571,1.989618406285073
3c5a16ed-d58a-4740-a961-4f50c2137808,245.8,93.98571428571428,2.6152910776713787
3c6a0c4f-f4c7-43c2-977a-65dd9c816dcd,84.8,29.3,2.89419795221843
3c8ed04b-7254-4c23-ad49-e5ce30403178,1367.1,57.457142857142856,23.793386374937842
3cd5eb82-82cf-487e-b896-b53e90df88a7,210.6,63.07142857142857,3.3390713476783693
3cf1e8c2-9049-4f50-b17e-4191e635a370,108.3,60.22857142857143,1.7981499051233396
3cfe8912-9a61-4f42-8842-c39208299a91,70.3,56.08571428571429,1.2534386143657665
3d06adba-9ec1-4fc6-b246-c58eb5569dfe,101.6,46.92857142857143,2.1649923896499237
3d136bca-4e5f-4214-a58c-c71620bb3f92,77.6,29.65714285714286,2.6165703275529864
3d256025-a3ac-4500-bf12-b4fde47040d7,1156.5,29.014285714285712,39.85967503692763
3d57cfb2-abdf-4944-b60f-e86927a91535,147,41.385714285714286,3.5519502934069727
3d5bc63a-8c51-4291-9986-5ef545fa874b,511.4,40.94285714285714,12.490579204466155
3da66e11-7893-4148-afad-f72b3340397d,88.8,48.128571428571426,1.8450578806767588
3da82086-e392-43eb-b203-0af59822f297,103.4,45.457142857142856,2.2746700188560656
3daa922d-4eba-4e23-b35f-8cbf830bda7f,105.8,72.98571428571428,1.449598747308671
3dede8b3-58b7-4d32-a4fe-d8ee061ec46f,118.6,44.42857142857143,2.6694533762057877
3e7e0845-fe8a-4314-8ab0-42cf3d96c283,1085.6,51.58571428571429,21.044585987261144
3ef7aa8c-5c22-4e5f-8490-7cf549b36dea,183,56.05714285714286,3.264525993883792
3f0c38b5-edaf-4bd2-98aa-997bb3e9e7ba,193,114.55714285714285,1.6847487217857589
3f526bac-f35d-475f-a4b2-e6811d922ba6,92.6,45.75714285714286,2.0237277552294723
3f7022a8-3944-4187-a4ff-0cb76691b49c,309.9,31.32857142857143,9.891928864569083
3fbc8a69-fd71-4f76-8790-cfeab97cfe3c,66.2,33.27142857142857,1.9896951481322456
405a27a0-fc9e-4706-ac4c-b7bd50193f6d,1074.7,50.114285714285714,21.444982896237175
407aa55b-8c0f-414e-b1b7-d58106bc819c,86.4,52.18571428571428,1.655625513276759
40ccd7ae-29f4-4e53-806d-067bb349e5b8,42.7,29,1.4724137931034484
41a5490b-c58b-432a-9da4-582af3bf4a24,768,44.7,17.181208053691275
42013221-1a92-42db-b5b9-9c06a7fc9551,143.8,55.24285714285714,2.6030514610809417
42041b3d-ef1e-41db-a917-765505bb0e6c,100,69.74285714285715,1.4338385907414992
42386db1-be8c-4a1f-8ed5-329da18451a3,70.6,44.15714285714286,1.5988353283726948
42fb2d23-c013-4139-8170-4fb415a6a166,114.5,57.91428571428571,1.977059694129255
430f2bd4-b37d-4f25-b9c2-baf9e47f4574,99.5,65.25714285714285,1.524737302977233
431fcc07-d527-4ac0-ac0a-c6bab7bdc1fa,166.2,93.01428571428572,1.786822300721855
43281714-0188-48a3-b2a7-907a3f5c368a,98.5,51.714285714285715,1.9046961325966851
4333866f-79ec-4645-95c1-ad6ae60bb896,124.7,55.714285714285715,2.238205128205128
4335d3e5-b312-4f33-9ddb-c9021a80da3a,654.2,37.2,17.586021505376344
43557ed2-ba90-497b-be71-92d277b9ced4,66.9,35.27142857142857,1.896719319562576
438ac48c-fee4-45e9-8b02-985fa5cc2618,174.5,38.128571428571426,4.576620457100038
43a02b7d-5af2-4007-9f31-bd688ce4b9df,162.9,83.84285714285714,1.9429204293746807
43ab4ed2-e5b8-4d2d-b027-c189c3ced97b,254.6,37.25714285714286,6.833588957055214
43bda353-bb2a-4da3-ac9c-5524f5bec7d3,132.1,56.67142857142857,2.330980589866398
44027ac6-3e8e-4b70-9222-d0e6d4d0173b,82.7,45.1,1.8337028824833703
440da078-7ced-4751-b4a8-b88470c03c4d,3036.4,97.85714285714286,31.028905109489052
441009de-af98-43f6-9933-982b7e45813c,128.3,36.542857142857144,3.510946051602815
44858c68-5073-458c-a5d4-d4e59a0913bf,55.2,29.314285714285713,1.8830409356725148
44ec438d-302c-443f-a0e8-67cb3f1be363,78.9,42.17142857142857,1.8709349593495936
454e4f64-a5e9-4ee0-b7ec-ee2d4ffbd85b,363.8,47.885714285714286,7.597255369928401
4687e9da-e7de-472d-882c-10e5c1a0df37,122.5,42.77142857142857,2.864061456245825
4692afca-531f-4446-9867-db5b7e488ece,121,63.785714285714285,1.896976483762598
469765cc-9b5e-4ac6-a4ef-a002ef00e2ec,96.7,24.985714285714288,3.8702115494568323
46c16d11-8042-4ccd-b6fd-f9b0e276c467,44.3,28.142857142857142,1.5741116751269035
47031fef-6208-467d-9881-9be19052b468,149.5,67.11428571428571,2.2275436355896128
479b24e4-e663-4b48-8806-32ab4a0d6787,95.4,37.89,2.517814726840855
482cd501-884e-49bb-b20c-aaa1d66fa267,109.1,45.15714285714286,2.416007592534008
484e70d3-8286-4845-9a7d-636e8845cf2b,94.1,46.890697674418604,2.0067946238159005
48847f46-090a-4cf2-af9f-d6ba161c75b3,195.3,39.14285714285714,4.989416058394162
48cea246-08bf-430c-a8dc-20568ddee6f9,93.7,38.98571428571429,2.403444485159399
48f1f985-c2be-4b54-9975-3c149c147b46,574.2,97.81428571428572,5.8703081641594865
494a6ed7-4547-489b-826b-46c1b5baefe4,103.4,56.542857142857144,1.8287013643254169
4993cdee-578c-4a59-81af-223c38fd0b52,134.3,63.65714285714286,2.1097396768402157
49957fa3-b570-4943-a250-f4dc5a030055,120.7,61.56346153846154,1.9605785149782902
4a78ec3b-4f83-49a1-9569-0a111c20fad3,106.6,40.44285714285714,2.635817732250088
4aac4765-2480-43d2-bd85-8f2cf4b6aab5,59.2,46.55714285714286,1.27155569193004
4af2745e-26a8-44cd-998c-5e14d22b9be8,156.5,93.94285714285714,1.6659063260340634
4b1f394b-3f5a-4c97-8fa9-d31272f919b9,57.6,45.871428571428574,1.2556835876673933
4b219d59-3f89-4e12-b5ea-ec479e42e21e,165,117.21428571428571,1.4076782449725778
4b2a711f-7c26-4839-8590-6c0e4f722ac1,186.8,61.17142857142857,3.0537132181223727
4b4145a9-becd-4218-9381-c8fb6ddce176,109.1,49.542857142857144,2.202133794694348
4b48dfe9-0013-4981-8aba-b9139b97fc88,81.8,80.34285714285714,1.018136557610242
4b803631-6034-4868-b080-ba36bdd18d33,62.9,32.65714285714286,1.9260717410323709
4b8d0802-baef-4b10-9704-b72d94366034,92.1,50.08571428571428,1.8388476896748431
4bb8e94c-088e-4a42-ae5d-ad33269c2c3e,78.4,42.17142857142857,1.859078590785908
4be814ab-f34f-46e3-96c2-55c7ec6bedb8,88.9,46.94285714285714,1.8937918441874622
4c28d19c-15d9-487d-bf8b-2021a306b368,51.3,36.3,1.4132231404958677
4c2ba6d3-a540-4bf6-860e-1d761f8a7a5e,99.2,53.3,1.8611632270168856
4c615f04-991b-484b-9820-27b0cdd68170,96.8,31.242857142857144,3.0983081847279377
4c6e5084-ca1a-4ad1-b922-26c71bb6f51f,98,35.55714285714286,2.756126958617919
4d996302-0c00-4240-8a95-52d08c2c64e1,103.7,39.042857142857144,2.6560556165386022
4da6ed3c-3fe5-4be7-9107-63d9ef751571,83.9,38.214285714285715,2.195514018691589
4dfe6509-9c0a-4fd9-b43c-3fb32af2bbd3,60.2,30.82857142857143,1.9527340129749768
4e311c12-368f-4f0d-a1ba-8eb4423db6dd,111,58.72857142857143,1.890051082461688
4f2aa123-09aa-445f-8248-361f479369ca,137.1,46.6,2.9420600858369097
4f6e1dfc-6f41-4f81-bf3a-32de220c6cd9,62.8,33.785714285714285,1.8587737843551797
4fe3b2df-0437-43f1-9446-0244b1a62756,204.7,46.614285714285714,4.391357646337726
4fee9dab-92f9-4565-8276-b036b18f5b51,54.2,33.08571428571429,1.6381692573402418
503f417e-2290-4851-915d-a6eaf619e401,247.9,42.31428571428571,5.85854152599595
5072bb44-7fd8-450f-b540-a2030351d4eb,691,30.042857142857144,23.00047551117451
5075d8d3-2bc5-4ec7-a6de-0508b328bee8,83.8,39.24285714285714,2.1354204586821988
50cd9d81-69a9-4ea4-8964-86c93312eb7a,726,75.01428571428572,9.678156541611122
50df956d-58c0-4653-8297-9fe7af4e869d,76.2,45.08571428571429,1.6901140684410645
51135b3f-cf63-49c3-bf31-e2165a317233,122.7,48.3,2.5403726708074537
513654df-c4b5-4684-b304-e3f53c67c1c9,74.7,35.114285714285714,2.127339300244101
515ad762-ba91-4748-bf2f-0518e717319b,104.7,48.27142857142857,2.168984906777153
5177aaad-70b8-47d2-a8ef-bdc85369e698,33.3,28.442857142857143,1.1707684580612756
51b375a6-db5f-4dd3-9b61-947ef735d3bd,97.1,26.557142857142857,3.656266810112964
5295590b-4519-470a-8416-e8045f05c677,2474.5,50.01428571428571,49.47586403884605
52a477c2-3b70-4952-8e1a-8d1f0f3f7dd8,74,51.82857142857143,1.4277839029768467
52bd0849-6ae7-4d6e-beb1-6fbe59575131,51.1,45.885714285714286,1.1136363636363638
52d46abb-ad60-4f04-9b70-a03b057d258f,73.8,47.07142857142857,1.5678300455235206
52ee330f-d68b-4327-8880-fc0e1f48fe2f,193.5,59.471428571428575,3.2536632236368
53a12544-fb0d-4056-9d7c-4017362a9d8b,110,39.74285714285714,2.7677929547088427
53e57e10-dfd0-4270-8a94-f68435a75346,104.5,39.82857142857143,2.623744619799139
542661e0-0df0-4a9e-b6e4-5ee40d3488cc,59.1,35.91428571428571,1.645584725536993
543fd233-a13b-4616-ad19-d0dd75da4142,84.7,39.94285714285714,2.1205293276108725
54617eeb-f84b-4947-b060-a3058e8d5a2e,64.9,49.87142857142857,1.3013463191062735
54688913-b49e-4e0e-bffc-b7d97dd62ebb,144,44.67142857142857,3.223536936360729
54c1b3ff-dd64-4711-bb07-3ddd4f73b80f,69.1,30.685714285714287,2.2518621973929234
55163f90-c3a7-497c-86cc-eca1fa4d164d,159.4,50.7,3.143984220907298
552bb574-436b-4736-9da3-01d76abfd94c,195,110.11428571428571,1.770887389724961
5549ffb3-3ce6-4289-9528-62cef2b770b7,45.5,35.92857142857143,1.2664015904572563
5550c899-4b25-482d-b81e-f6d952edd162,55.4,52.72857142857143,1.050663776754267
5584ec3b-d86e-4557-82a1-e53be86591cc,286.9,41.971428571428575,6.8356024506466975
5594037c-7cbc-460e-9202-1ea13aa88cdb,98.4,46.542857142857144,2.1141804788213627
5629a9ea-a624-47d7-906d-60327bb8a29d,93.1,44.92857142857143,2.0721780604133544
566b9360-c8ba-4f91-89e2-129692825305,750.5,28.014285714285716,26.789903110657825
568a0499-9287-4060-b3a8-a0f902296cd3,35.3,21.728571428571428,1.6245890861275476
569d7c53-3f55-4860-88fc-83519f469a47,67.6,54.142857142857146,1.2485488126649076
573adc75-d831-4f0c-9db2-7d45a56c4f23,56.4,39.885714285714286,1.4140401146131805
574849bf-e308-41cd-8cd5-08b013eb3d3a,100.9,38.285714285714285,2.63544776119403
5764119f-e308-4095-b58e-af390089b88b,192.3,56.67142857142857,3.3932442651877994
57788c51-89cc-4e81-8b5b-c3ada388bfcc,681.9000000000001,46.57142857142857,14.642024539877303
57ca99c1-d5a5-4172-9dc4-dc3c2893c0eb,121,51.08571428571429,2.3685682326621924
58642895-a89d-45ba-994e-4cfdc65549bd,117.9,55.22857142857143,2.1347646145887222
5884f4d7-3dd1-42c9-9b18-8fca7b98df5a,374,43.77142857142857,8.544386422976501
58af8ebb-e11a-40e1-a251-9c5708e7c4ed,158.1,59,2.6796610169491526
58ef278c-eddb-4265-b724-51afe56ad2a6,110.3,40.871428571428574,2.6987067458930443
59920eb6-9b16-4f3f-955a-74a077710389,160.2,59.5,2.6924369747899157
5a01d517-6ab1-4333-8e59-3dba97d81fc8,229.9,54.042857142857144,4.254031192175522
5a0dc3aa-7d28-4851-ba06-94e423cf1a3e,137.4,38.357142857142854,3.5821229050279335
5a0e88d0-b27f-4513-a81c-9d193df39103,714,42.82857142857143,16.6711140760507
5a237f61-7e10-41f2-91da-279fbb0d8b90,158.5,73.51428571428572,2.1560435289545277
5a45cb93-428a-4eb2-a726-166000de110c,151.1,43.885714285714286,3.4430338541666665
5a6686ff-b54a-4e3e-9fd3-0dbc777c027e,99.4,53.371428571428574,1.8624197002141327
5abf0434-72c2-4a85-bc39-612f12bdcb0d,252.2,145.5,1.7333333333333332
5b1e6d3f-be30-4896-8717-77f9bd8cbf26,74.3,49,1.5163265306122449
5b96cae8-8b1d-4756-9ff5-d142b2aab6dc,69.6,27.771428571428572,2.5061728395061724
5ba03f2b-2b9e-4000-b6da-8e89507d1ad0,54.3,36.98571428571429,1.4681344148319813
5bb714fc-c599-4f7e-9f2f-e981aa4af658,58.4,50.042857142857144,1.1669997145304025
5c5a5e4a-2b29-4630-9852-05c5ef456656,152.7,44.528571428571425,3.4292589027911453
5c771cc5-8ec6-4f6c-bca7-da2db6c56801,40.9,17.185714285714287,2.3798836242726513
5c81911c-60f1-4453-adc5-a1614dc78346,319.1,148.47142857142856,2.149235062061003
5c952a1a-acde-46ef-99fb-58c2c4ffbd2f,98.7,41.82857142857143,2.3596311475409837
5cc76a1f-ce1e-4c2c-83c6-953a9355db6f,101.2,48.17142857142857,2.1008303677342823
5d253cf9-8064-4d7e-b8f3-6d8e8cff0dc9,46.9,36.75714285714286,1.2759424795958025
5d43eae9-0fda-4a7b-bd23-0133516b8bb8,122.3,48.8,2.5061475409836067
5d6574b9-1969-49bf-9cd7-d3782bc9dfab,379.7,46.285714285714285,8.203395061728395
5d6de9e9-0221-4957-8253-ffaf169b670c,122.4,40.642857142857146,3.0115992970123022
5d777a0d-9866-42d8-8e2f-425edb9811f9,918.2,84.17142857142856,10.90868974881195
5db2d789-a371-4091-8882-599978a05c51,74.6,36.65,2.0354706684856754
5df5ee25-3d8c-4c1d-8075-945cc94b91a1,39.8,48.6,0.8189300411522633
5e6d332e-2c0b-4ff7-923a-e6272f22e4e7,54.1,44.385714285714286,1.2188606372706792
5ea1e8e4-ad0c-4a84-ab1c-58dd0b91f197,85.2,36.714285714285715,2.3206225680933854
5ed9bf54-f8c0-4218-b324-c0e60f94bbdf,96.2,27.085714285714285,3.55168776371308
5f256edb-b867-416b-981f-b8896af4b472,43.7,36.94285714285714,1.182907965970611
5f3226db-ee71-45a8-9412-2d4d100bf44c,78.6,50.48571428571429,1.5568760611205432
5faef3b3-6854-443d-a8ec-682384e640eb,375.9,38.68571428571428,9.716765140324963
60521acc-1a11-461d-9858-fc0b8bc852b6,94.6,87.31428571428572,1.0834424083769632
606544f0-05fe-4615-a4e4-3fbac912bcec,346.9,95.28571428571429,3.6406296851574207
609b68e6-8847-4e18-9907-4d8131bcd7f5,269.7,98.8,2.729757085020243
60a34c82-d62d-4e74-91c1-5098bdd9d539,150.7,101.21428571428572,1.4889202540578685
60db4db5-61a3-49ba-b49e-25592c3d9707,67.8,24.6,2.7560975609756095
60e75cf9-7121-4b07-80a6-bba27f8722dd,50.5,24.84285714285714,2.0327774583093734
61418623-d41d-4609-945a-5a98804d60a5,230.1,76.58571428571429,3.004476776720761
619cef82-709a-4f53-87d9-36a32b49c404,94.1,45.64285714285714,2.061658841940532
61b77c37-eb26-4476-9ee4-02eaf75236ea,71.3,25.17142857142857,2.8325766174801363
61c09963-a0c5-49c7-bc07-84eccd80b387,299.5,98.17142857142858,3.0507857974388823
61c5beb1-e6f7-4924-9656-02dca2e3f706,84,49.371428571428574,1.7013888888888888
61f86d54-4a03-4df5-9d19-a50d8635f3d0,91.8,45.57142857142857,2.0144200626959248
61fb0c76-0ce5-4e9c-bd1e-8dd5de4773c0,199.7,108,1.8490740740740739
6208a686-1b12-417d-9600-41ef5ff6e7c1,205.1,48.67142857142857,4.213971235691224
6243282c-3bb3-438f-b880-ac5600c0082d,115.5,50.385714285714286,2.2923164162177487
625e939e-1179-44fa-a02f-ffd3f640154e,153.6,60.6,2.5346534653465347
62b69e48-07a8-4b4e-818d-5082e7ba3c4d,279.6,105.85714285714286,2.6412955465587045
63392671-e015-4c46-bbf7-2d1168d55854,78.2,36.44285714285714,2.145825166601333
6386343a-290e-44dd-b6c5-bdb8d50dccc6,2763.7,118.02857142857142,23.415516824013554
6389ff69-b454-4160-9290-9c7817a814c7,147.1,41.714285714285715,3.5263698630136986
63e22122-4fd3-4190-ba5b-b271e29ae0a8,58.3,26.8,2.175373134328358
63f1ce13-177c-4fd8-b3a5-338810b710aa,96.2,37.9,2.5382585751978892
649f0681-e187-4a98-80f5-cce8bbeb9abe,176.5,33.15714285714286,5.323136579060749
64a59454-3bcb-45a8-9999-4d72b9cecb53,65.7,49.32857142857143,1.3318853171155518
64bff16e-e269-44a5-b318-94f724d548bc,1533.8,56.18571428571429,27.298754131706072
64cd5fe5-e57a-43f6-a7f1-4d2a9df4763a,73.1,55.27142857142857,1.3225639700180924
64dfd3c0-97fe-4838-b82b-bbea912d2d8f,292.1,51.97142857142857,5.620395821880154
64e3fecc-cfba-4eee-8674-4d8cd59b2bf4,99.3,47.714285714285715,2.081137724550898
651a1eab-e404-4c02-b8af-d54b7ed65dac,96,38.75714285714286,2.476962771839292
65380db0-9a7f-4631-846f-b95a2b2a7e7f,83,59.15714285714286,1.40304274329872
653a4f5d-c68b-4153-b5de-3fab90cc4675,489.59999999999997,46.542857142857144,10.519337016574585
65628ba2-52cf-4c78-8aea-9da5f4ae48e5,902,42.07142857142857,21.439728353140918
65a15634-d28c-43dd-96fa-b870c0aaeaf2,107.7,49.785714285714285,2.163271162123386
65aa82e6-35d3-414b-aff3-92b68515afc0,295.2,38.042857142857144,7.7596695456252345
65bb2a5c-0256-4f6c-838e-d44c14bf0797,144.2,43,3.353488372093023
65d0e748-ed0a-4b31-86bd-ed2c397a0003,152,37.371428571428574,4.0672782874617734
65fa7596-29a6-4b68-9e1f-7fd1971005b4,133.4,44.714285714285715,2.9833865814696487
6605cdd0-4ea7-4643-b2e0-e6d1be07b2d9,88.6,44.58571428571429,1.9871835950016017
66326c3e-3bea-4d94-b718-4793ab68bd94,86.9,55.3,1.5714285714285716
66711c3f-4b8d-411f-a5fb-66a445d1de34,99.5,37.85714285714286,2.6283018867924524
6696302e-2e8e-434f-ae20-1b8c4147ae12,271.7,159.87142857142857,1.699490662139219
66f8fcb4-05b0-4219-bdd8-038ba80d5c3f,90.6,43.971428571428575,2.0604288499025336
6720ec6f-98b8-4c7b-9a5d-a765cfd3028a,64.3,33.65714285714286,1.91044142614601
67a8477b-14d4-4d6e-b1a8-c26ee15e7fc8,75.2,51.48571428571429,1.460599334073252
67b188c5-3087-4967-aadd-54960c2c8b08,81.4,42.957142857142856,1.8949118722979716
67c4fadc-d6b9-4ecf-a7e2-d82667530917,105,48.642857142857146,2.158590308370044
6811ffce-33be-42ff-886a-dc2272051fb2,47.4,19.742857142857144,2.4008683068017365
681b8090-ca38-4dc7-85dd-3df00ae47884,106.7,50.58571428571429,2.1092911606890707
6823d9d5-4f27-4fa4-900c-be699aaa0dd5,97.6,39.22857142857143,2.4879825200291332
68517eb9-f3e1-4085-a1cf-578e3e5d57e3,75.9,66.95714285714286,1.133560913164071
685409b3-c240-4379-80c7-2957fb4ca4bf,181.4,63.98571428571429,2.8350078142442507
686ff7b5-4b64-4d24-9395-1c9932d4c0de,80.4,37.55714285714286,2.1407379231647017
689fff13-f52d-418f-9ec9-5eb57b7de009,83.1,46.75714285714286,1.7772685609532537
68b2d752-a518-4ac7-a55c-2aaf073835fb,67.8,41.528571428571425,1.6326109391124872
68d2bfc8-9a58-4f51-b38b-29771c7a7502,287.7,37.18571428571428,7.736842105263158
68eaf1a7-945f-466d-989b-b6fa6733564c,74.6,45.714285714285715,1.6318749999999997
6919c147-328a-4a28-95cf-1e3596e91500,302.9,64.14285714285714,4.722271714922049
6925b7a0-606a-480f-aa6c-0fcb988bd482,36.4,40.614285714285714,0.8962363700316567
695a1546-2664-46f8-be08-d824a959cd4c,38.4,19.45714285714286,1.9735682819383258
6a5ef212-0c9a-4f6f-8384-54bde3ef0b5b,51.8,37.371428571428574,1.3860856269113149
6a6c972b-f478-4f98-8d3a-158a4d4dc4e6,99.8,67.6,1.4763313609467457
6a8a5982-af87-4363-beaa-f4184460f54d,128.2,61.614285714285714,2.0806862972408995
6af80fa7-2aac-439c-a288-b7674c3d07d8,63.7,51.81428571428572,1.2293906810035842
6b335370-8663-492d-923a-ddbc44b90a88,60.4,38.614285714285714,1.564187939326674
6b8f5e63-0ef3-4e32-835d-0910f1be05e0,288.5,146.44285714285715,1.970051702272949
6b9a233e-a8c9-4836-9f29-34d527ef1c54,110.4,47.9,2.304801670146138
6bd12c70-4bb3-43e7-87ea-6d08c354f3ed,155.5,93.10000000000001,1.6702470461868957
6bd75e35-9437-4ba2-bad6-9b8c9a4822ba,69,36.64285714285714,1.8830409356725148
6bfca6d0-4e35-45ef-8e0f-a8e2e38cf5df,67.6,24.428571428571427,2.767251461988304
6c98be47-4082-49bd-ad74-9b6fb8411987,79.9,32.957142857142856,2.4243606415257912
6c9927a2-6df4-4617-bc8b-17f08d953861,2886.6,52.65714285714286,54.818773738469886
6c9f2942-2e33-4ba2-8bb4-f0af2d7bfaef,282.5,32.27142857142857,8.753873395307657
6ca9cba4-f9b6-45a1-84b2-1a29c4e3e352,131,58.91428571428572,2.22356935014549
6cb38a69-1245-4a44-b97a-2994ce7a7dbd,95.3,31.942857142857143,2.98345259391771
6d4a4467-6a5a-4e9e-9f86-8b000d62fd1c,75.5,32.628571428571426,2.313922942206655
6de21675-e6a6-4b31-906f-df08987173b0,92.1,49.628571428571426,1.8557858376511227
6e35bdf1-9349-4d03-94f8-f7d8a9ceb03c,64.8,25.34285714285714,2.556933483652762
6e79870d-1e04-4619-93b3-9b8d90e3cde3,1797,109.07142857142857,16.475442043222003
6e7cf15c-7591-441c-8465-aeda3e4dc8b0,99.1,47.81428571428571,2.072602330445175
6e9845e7-f04c-48cb-b94a-b7b36629fec2,79.9,42.41428571428572,1.8837992590097676
6ec64691-9754-4a88-8a1a-95fa4cdfc2d8,53.7,35.58571428571429,1.5090325170614212
6f261171-af48-46f2-8c7e-3f2f52137b6c,101.3,49.74285714285714,2.0364732912119474
6f579d23-c636-41d4-af4e-2ca6dec6bc20,96.2,47.92857142857143,2.0071535022354694
6f706ae2-9d19-410c-a6cc-1e418b36d749,262.3,48.357142857142854,5.424224519940917
6f822a0e-ab23-4293-b461-b8779d7eecd4,179.6,60.1,2.988352745424293
6fe17ed2-47ba-4013-9119-aaa0215a7816,65.5,27.757142857142856,2.359752959341225
70100926-e514-4a93-b45d-a1290216bc84,1393.6,64.62857142857143,21.563218390804593
70c98da0-db39-4b87-ab6b-fe6344daa8a5,104.9,68.24285714285715,1.5371572116391041
71337186-4271-44aa-90ed-cb12d802ae94,712.1,42.1,16.914489311163894
717e94ab-d980-4f44-bf90-e801aba57d4b,464.5,106.41428571428571,4.3650154383138675
71ec713a-0de5-4a09-96cc-15e0f7283b4c,121.1,51.67142857142857,2.343654962676251
723eae6c-cf46-4fdd-bfdf-2438fc67f1d6,111.7,57.614285714285714,1.9387552690304986
7263d47a-176d-43b1-b7e1-dd52207b467e,98.5,32.17142857142857,3.0617229129662524
7276018f-4087-4815-a3fd-5dea00daa85d,87.8,36.785714285714285,2.3867961165048546
72bbcdd0-8224-4c2f-a788-92d48bf569f5,1092.4,63.871428571428574,17.103108924178038
72e24bf7-84e4-4fac-98f4-208511e9c92d,72.2,35.15714285714286,2.0536367330353515
72eda407-1e24-49a5-832e-ef5c3f921bd1,304,52.07142857142857,5.838134430727024
72fc03ce-dddc-4d96-b569-cbe236b7f5df,144.7,58.01428571428571,2.4942132479684807
730af640-5464-4d08-aaf5-26d2aa815185,119.1,70.8,1.6822033898305084
731c92a1-efeb-4187-8e8e-04886bc2b682,89.6,40.714285714285715,2.200701754385965
731d94ca-2355-480e-9131-bf40e00a4ede,120.5,42.042857142857144,2.8661230037376826
735cbefa-044b-407f-a0cb-4605273352ae,56.1,42.24285714285714,1.3280351707811973
73ff5e41-0767-41de-ae92-c49a4ddf3c5c,96.7,44.214285714285715,2.187075928917609
74261acc-7e56-4488-b0dd-579c23f4e43d,227.1,90.42857142857143,2.511374407582938
744e3fe8-16a6-44ff-b324-06111d77296a,48.6,37.64285714285714,1.291081593927894
74d8effb-a2cc-4676-9e5f-cfb8c9654507,156.7,126.57142857142857,1.2380361173814898
74faaba2-f86c-4787-a63b-7b352b39ac0b,73.7,58.042857142857144,1.2697514152104357
75c54b76-2c8d-40e6-8240-15bfe8741000,50.2,37.91428571428571,1.3240391861341374
765585a1-085b-4e6c-8b93-fd9b1af50aa8,114,48.357142857142854,2.357459379615953
767a2f66-1b21-4e44-a8a5-267e909654f6,84.4,37.14285714285714,2.2723076923076926
768bc960-1733-4416-a86b-287bf968547e,68.9,47.4,1.4535864978902955
7690bde1-98f5-4b9c-9217-0b8debe881f9,402.1,57.957142857142856,6.937885136800592
76a04114-730e-45ae-b011-aeeec92eb090,107.1,51.128571428571426,2.0947191953059514
76a1f80d-5f2d-4627-9c6b-378c1300a54b,115,66.98571428571428,1.7167839624653445
76a348c0-a385-4932-9bab-b2ad03358420,535.7,40.114285714285714,13.354344729344731
76a86fe5-bc4f-43eb-8fac-6bbb92554bf5,55.1,45.142857142857146,1.2205696202531644
76d9ddbd-c141-43d6-8493-de5bab1df2ab,55.9,35.785714285714285,1.5620758483033932
77859495-7034-4953-a967-77f24e68cd6b,74.5,35.94285714285714,2.0727344992050876
77a2a708-26ce-4a8c-aac3-27ae6aec83f1,42.1,26.84285714285714,1.5683874401277276
77f03c56-16b6-42ae-934a-ba9c909cd7b4,57.6,56.285714285714285,1.0233502538071066
77fd81bc-f6c1-4e6b-ba80-c84279dbcdbe,26.4,26.242857142857144,1.0059880239520957
78070f24-48d5-48b2-9c46-387bf9e0d4ec,80.4,31.385714285714286,2.5616750113791533
7812b572-3370-4342-b8a8-eab3383b6f39,51.7,23,2.247826086956522
78487a00-84c7-4f4d-bb4d-d07b7caa07e9,2402,52.27142857142857,45.95244602350369
78586e32-254f-421f-8bc4-5c0337057d7f,93.7,34.528571428571425,2.7136946628051306
788592d7-b1ee-4398-b4e8-6ef3ef135d50,106.8,55.457142857142856,1.9258114374034003
78d0d669-cc28-4e48-be37-05600f92b417,86.3,41.357142857142854,2.086701208981002
7901ad7f-b67d-4c71-9566-a61b8a082d9f,330,43.542857142857144,7.578740157480315
79046338-f3f9-40fe-b7c9-788b3132d1f7,109.7,45.214285714285715,2.426224328593997
792f7021-3e8d-44a0-a0bd-1820879ceac3,105.8,51.17142857142857,2.0675600223338915
793e226a-c644-4b4d-b71a-3fc83e1e04b9,43.1,39.2,1.0994897959183674
79b258cb-51d8-4b15-bd61-eedbe08a5380,217.1,42.67142857142857,5.087713424840977
7a3b378b-508a-4fd1-a1c3-589ddc2bfc32,561.6,23.17142857142857,24.236744759556107
7a5338bc-d220-48c5-a0cb-e5f69e7a282d,170.7,105.71428571428571,1.6147297297297296
7a608ce5-5f8f-4afc-92cf-6d3d4de78d55,100.8,30.599999999999998,3.294117647058824
7a67b1a9-42e8-4cb4-9c5e-24d850009e40,9.6,53.24285714285714,0.1803058760397102
7a95d358-de08-4632-8e4c-27e94e58b1dd,142.9,52.58571428571429,2.7174680793262698
7b1d8116-d098-4cf6-90e4-bc2bd224c53e,86,50.51428571428571,1.7024886877828056
7b3e1214-642b-42de-aca7-c88bd508c983,225,115.78571428571428,1.943244910549044
7b9a5796-4ff9-4cf3-85e6-4ee32a9c142b,884,57.65714285714286,15.33201189296333
7b9f6911-cd53-4c35-8d1d-496f5b1270a3,176.7,94.05714285714285,1.8786452004860268
7bc90267-6b4a-4ecc-9bdc-2fc82cc69692,142.7,41.91428571428571,3.4045671438309477
7be7096d-79c7-471e-ba24-173b201f4165,131.2,59.57142857142857,2.202398081534772
7c2ecfd7-1350-468b-a79c-a4695c989f66,131.3,42,3.1261904761904766
7c749bf3-ddfc-4893-9968-304b2ccf801d,93.9,53.285714285714285,1.7621983914209116
7c8d72a5-cfe9-4ba9-a73d-225a3cbb2f13,2348.6,39.18571428571428,59.93510754648196
7ca56ec6-5206-4f19-98fd-a1d0c445dec9,107.4,38.114285714285714,2.81784107946027
7caeb06b-fa35-40f9-9133-1ea67c18b998,77.6,34.05714285714286,2.2785234899328857
7d86349c-7bac-4515-936f-fc68a016e621,158.2,47.8,3.309623430962343
7da0ef0c-30f9-4c7e-ba77-22143c647c5c,155.5,97.11428571428571,1.6012062371285671
7e066b76-50d7-4bfe-8ea2-f34f9c56b151,81.8,54.17142857142857,1.5100210970464134
7e2170f0-1a3d-4274-852f-4b0f23c4e1b8,140.3,46.15714285714286,3.0396162178891983
7ee7e1ff-c7a7-4379-9b28-9b144dbab81c,601.5,48.17142857142857,12.486654804270463
7ef58802-51a6-404b-935c-8af014454ddc,70.3,37.27142857142857,1.8861632809505557
7f5b2b0a-c330-48d8-9632-e7bec2c07752,1042.8000000000002,53.5,19.491588785046734
7f8bdfc4-ff58-4242-bfde-429f4173ca1b,125.8,46.07142857142858,2.730542635658914
7f8f60d6-3d00-4596-8dd1-37a7903e5a3f,151.8,72.64285714285714,2.089675516224189
7f932369-96ad-44cf-944c-237d5c5697a2,127.1,36.82857142857143,3.451124903025601
7faab318-09be-4d5f-bd78-0f6732b4c2a4,34.3,20.42857142857143,1.6790209790209787
7fafdadd-f73a-448f-94c8-293286fc86f7,44.6,25.12857142857143,1.7748720864127345
7fb9f681-72dc-4dbb-bd06-603b46a42b5b,117.3,50.08571428571429,2.3419851682829433
7fca96aa-7a29-43b5-b1b3-26b83ead940f,157.2,46.97142857142857,3.346715328467153
805f4cc1-c4a3-4263-b658-f8504eb1ea5a,57.1,19.728571428571428,2.894279507603186
8076d8de-fd45-4e62-9582-00102e05aa20,73.5,38.02857142857143,1.9327573253193087
8188e7b8-d1d3-4366-ae03-890e2fb7795e,46.8,25.314285714285713,1.8487584650112867
82a258c9-b322-4622-a8a6-970ce9c4c716,66.1,50.142857142857146,1.318233618233618
82e9d2da-666c-4131-99b5-9e082bba872f,66.5,40.4,1.6460396039603962
831a92e0-cc18-40de-bcec-4a5eb9e4af59,46.8,37.07142857142857,1.26242774566474
8429e101-3cec-431a-a669-66166b5a88dc,63.9,26.685714285714287,2.394539614561028
846d8e4c-56ed-4350-909f-40b88d683b0f,13.8,62.08571428571429,0.2222733548090198
848462b4-fb45-4e7c-91c1-e5d46f940f79,108.9,40.128571428571426,2.7137771448914205
856f36ac-1ac1-4c25-8f78-71042fb669de,178.8,98.67142857142858,1.812074706819169
8574cb53-8606-44a3-a628-90448d3c0a04,104.9,49,2.1408163265306124
861440b2-f103-42b2-b815-2246343f8f1a,127.2,48.028571428571425,2.648423557406306
864e44dd-0c85-47a8-8227-28ad127c7997,107.7,45.48571428571429,2.3677763819095476
867b8637-e7e0-476b-ab5d-3feb0b8218b8,847.9,33.785714285714285,25.096405919661734
86bee531-6406-447f-8079-0e624a0e1438,235.3,48.51428571428571,4.850117785630154
87108ce6-8807-4a3a-b45c-9ea4914770ab,97.9,49.4,1.9817813765182188
874482f6-2de5-46ea-85c1-0976e0e55e17,304.5,40.371428571428574,7.542462845010616
876020db-7fb5-4d16-a10a-9869b66e6fac,733.7,33.542857142857144,21.87350936967632
878951a6-6764-4ec0-b7ef-e60263849626,51.8,45.628571428571426,1.1352536005009393
878b9afc-2cb7-4483-bf8a-60901e75dd5a,798.4,28.914285714285715,27.61264822134387
878f3d69-8fe9-42de-acd7-aa26af317c3d,99.8,42.214285714285715,2.364128595600677
87e0424e-4565-4845-a13e-ad0db9cefd96,1463.4,79.3,18.453972257250946
87ea03e0-cdce-472a-a072-446c4b1eef6f,59.2,43.785714285714285,1.3520391517128876
8809589b-b12d-47bb-b73a-e824400171ab,88.9,41.785714285714285,2.127521367521368
882d00f0-c478-4fbf-a133-3ed1adea212c,341.4,34.5,9.895652173913042
883d2bda-9e61-4b43-a274-9f93cd444662,76.9,44.07142857142857,1.7448946515397086
8968b26b-2687-4b7d-9e7c-3370bc62041c,89.4,41.371428571428574,2.1609116022099446
89db24b5-c60a-4ef1-9658-d9ab7e34893c,102.9,48.15714285714286,2.136754672204094
8a17cf78-c511-416e-a306-03e607fcee1c,195.2,22.900000000000002,8.524017467248907
8a3bb9f4-7547-4ff9-8b26-85b4b66f9458,62.9,28.97142857142857,2.171104536489152
8a4a45b7-fdcd-472a-a265-9170d19b50d5,271.9,107.58571428571429,2.5272872128535386
8a7ac2e3-3e7c-423a-9918-7cfc97547b5e,68.9,34.18571428571428,2.0154617634768077
8a9d797f-d345-496f-9b66-3645f4dfcf07,66.7,21.8,3.0596330275229358
8af21f43-db4c-4ff5-8813-35e6054c914b,57.9,27.185714285714287,2.1297950604308986
8b0d90b0-37eb-4a48-aad1-a67a2087e1d7,68.7,31.585714285714285,2.1750339213025782
8b738443-5a5a-43e3-804d-50a98332a3a7,789.4,47.17142857142857,16.734706238643245
8b86284e-c3e8-4e41-8941-e9703f8dd3eb,138.6,41.98571428571429,3.301122830894862
8bc9d3fd-0229-4cb2-9da2-6dec2b33e251,81.3,37.885714285714286,2.1459276018099547
8c3ee6e7-e570-484b-926c-269c15336fce,70.7,37.74285714285714,1.873202119606359
8c58683f-32ce-4c9c-918b-e299755eb570,100.2,49.142857142857146,2.038953488372093
8c87f8a1-dc7a-4c5a-8d88-3f3d7f45b181,218.9,113.64285714285714,1.9262099308610938
8cad0e7f-729a-47cd-9440-f3ee9049f6b6,504.3,48.457142857142856,10.407134433962264
8cd09d68-65cc-451c-a06e-ed1bc13b4b60,88.2,59.8,1.4749163879598663
8cddf2a5-6bb9-49d5-8f78-34bee1961d2d,49.7,34.55714285714286,1.4381976023150063
8ce6ee73-2f86-4d6b-b627-2db74898fe5b,79,45.81428571428572,1.7243529778609292
8db83439-cebf-455c-9b2e-2e3bd77f904d,172.1,93.61428571428571,1.8383946284144665
8dec9287-f974-4397-af3a-e2b1dfa15959,158,43.58571428571429,3.625040970173713
8e1e68a4-81dd-448c-9c61-da60034fab01,82.6,90.15714285714286,0.916178101727143
8ecaa31e-7f30-4996-92d5-355e309fcbcf,55.8,27.47142857142857,2.0312012480499217
8edc5eeb-4418-45cf-9c3b-2e25731734a6,59.4,19.814285714285713,2.997837058399423
8f4281f8-c7dc-4e0b-a009-40ea722598b3,96.1,49.58571428571429,1.9380581964851626
8f4731eb-324d-4db1-82e7-94495c2a243d,113.3,44.51428571428571,2.545250320924262
9028cbf4-58c2-4199-96d5-1c778440423f,36.8,25.057142857142857,1.468643101482326
9093c634-ed0c-4e07-82f0-ae908369fbbf,82.2,49.785714285714285,1.6510760401721665
90992c9a-7fb9-42b6-87cb-f24e0a428a37,92.6,43.371428571428574,2.1350461133069825
90d2cf14-6e69-46c3-b117-a7faae6b548b,130.5,110.58571428571429,1.1800800930112387
91004d9f-7523-42eb-a104-91d827cffe19,65,26,2.5
911b1b0b-eb89-40b1-af8b-643c763f115e,46.5,25.485714285714288,1.8245515695067263
912f87a5-a0d5-4558-811e-d184cc369e07,57,44.18571428571428,1.2900096993210477
9185877e-5afc-455b-89c7-5c2d5af23c45,120.9,41.81428571428572,2.891356337546976
91d1bf81-7ccc-4551-930b-25fed6d00087,129.8,47.971428571428575,2.7057772483621205
92626895-8916-4769-a641-b853e5b03572,439.5,40.41428571428572,10.874867444326616
927eda62-dec2-4a7c-bcff-8c2f79c76730,134.4,51.57142857142857,2.606094182825485
92c5ad69-2770-4b6e-844f-2ef5cc31ad4c,82,42.51428571428571,1.9287634408602152
932d67a9-fa3f-4f5d-ae00-623e4975ad5a,184.3,39.07142857142857,4.717001828153565
932e2b28-3f4a-4b9e-8c3a-2bdd1594d1a2,96.5,67.65714285714286,1.4263091216216215
933d0e88-3609-4e38-a533-0eefa2e18622,111.9,66.32857142857142,1.687055782898988
9340217b-3034-4600-8715-254ba0f84805,72.2,32.300000000000004,2.2352941176470584
937a2324-55e0-4cf8-a815-6aefc50bcff0,140.5,42.3,3.321513002364066
93969e1d-eefa-4027-a5d5-5410bdc3a04b,63.4,24.771428571428572,2.5594002306805073
93cb48fa-8dd6-4cb6-b117-200ffa8639dd,146.3,106.35714285714286,1.3755540631296173
93dded17-8ae9-461a-9380-1c66258b5dcc,754.1,40.3375,18.694762937713048
93f1d85e-a69e-46a3-b21b-eedb1d64df74,220.1,71.35714285714286,3.0844844844844843
9471d3b9-00a5-4969-bfe9-e6cd2b4c99a6,61.8,33.4,1.8502994011976048
94794370-18ee-4bf4-b137-a4fac4870db7,91.6,29.87142857142857,3.0664753706360592
948086d0-ea5c-405b-bc7a-ed0b31cb7ddf,508.7,38.8,13.110824742268042
949ac986-c2e5-4617-b5a6-315fe9657ba6,13.2,50.07333333333333,0.2636133670616429
94f6bc98-629f-4681-b752-48fa0578a0c8,94.1,42.65714285714286,2.2059611520428666
95736ba7-f19e-4909-86cc-231a533890cd,67.4,30.9,2.1812297734627832
9590d174-3bd8-432d-93a9-23c30497c1b9,52.5,38.42857142857143,1.3661710037174721
95b62742-68c2-49ed-9d32-e6498f16fc70,162.6,61.41428571428571,2.647592463363573
95fb9406-778a-4841-abae-8b79694f6110,47.5,26.614285714285714,1.7847557702630166
961d765c-9b18-4357-9eb6-b2e77e29ae50,739.7,46.042857142857144,16.06546695625194
9655c98c-c268-463d-a672-0dc8da0a1f8c,54.3,36.214285714285715,1.4994082840236684
965a1f16-dff7-4e76-8517-1ffe2a2e5f31,572.1,79.1,7.2326169405815435
9688a48d-3190-44b5-bc87-389e5842496b,88.9,31.514285714285716,2.8209428830462375
969bcae3-101a-4fe4-9b87-4ee153edc467,100.2,61.94285714285714,1.617619926199262
96c74f9c-0f24-4e4d-9a40-8c7be142fa21,124.2,49.642857142857146,2.501870503597122
970e3b61-3817-4d63-80e0-b0e6f0394132,75.3,34.871428571428574,2.1593609176566977
9711b411-f31d-4524-b8e7-4a5da99c9462,81,43.91428571428571,1.8445022771633053
975caf0c-ae9a-4427-b212-3cc229ace7e8,125.7,79.07142857142857,1.5897018970189702
975d05d7-665e-4fcc-b438-5c84505bfb09,59.8,41.385714285714286,1.444943044528823
97c0a455-0a37-402f-9569-5b4238df2e0b,162.5,47.971428571428575,3.3874329958308516
97c3c169-1adf-40f4-9e17-aec86420692f,50.9,42.6,1.1948356807511737
9808de35-d503-4d6c-b01f-800898cfdbb6,147.1,56.51428571428571,2.602881698685541
986704bf-1bfc-4055-863a-0255854490d1,69.2,33.44285714285714,2.069201196070056
98913108-351b-4d32-810e-408d3d4a918e,157.8,55.91428571428571,2.8221768012263673
98b10f47-a670-46e9-a5a6-d670a61cae53,103.1,45.285714285714285,2.2766561514195582
98e7d552-ab92-432d-84b5-b76f65cb16d6,67.9,44.128571428571426,1.5386856587892523
98f45bb3-c22c-483c-b7f9-f5ae6546b631,428.9,50.214285714285715,8.541394025604552
992f4efb-9b73-4349-96ea-0d6519f8a561,80,39.51428571428571,2.0245842371655822
99438935-7bd8-407f-8551-cb228f3007d1,92.5,51.07142857142857,1.8111888111888113
99d15922-2119-44ac-96b6-23e517e59a1e,68.8,24.82857142857143,2.771001150747986
9a4d4e79-765d-4997-b396-e07b80c316ed,132,46.142857142857146,2.8606811145510833
9a91467b-b0be-4479-ae2a-cfd346a40e5b,1201.5,78.45714285714286,15.31409322651129
9a95f5a0-6536-4d16-afd2-78fb644606fa,76.8,37.81428571428572,2.030978466188137
9aa2ccf2-ba1e-47af-b5c6-a80519b35cbb,45.9,21.185714285714287,2.1665542818610923
9b3a300b-4ecf-44be-a53f-e7025f13eeeb,3699.3,98.18571428571428,37.676560453950245
9b8a8cd9-fcb9-4f88-8d31-76a12ae0565b,290.4,31.516666666666666,9.214172395557906
9bef13d4-0de9-4933-9aa0-a4b0008b0df5,103.3,31.242857142857144,3.3063557384545037
9c63d5ae-964a-4dee-9cad-12101aa8914a,62.1,31.914285714285715,1.9458370635631155
9c69218e-7b00-459f-add0-153a7d39689f,62.7,33.24285714285714,1.8861194671250539
9c80b1c0-c5b6-4cfa-888a-3885d01c6f4a,146.7,84.9,1.7279151943462896
9ca18a07-46b0-4af1-8795-99bfa1717ab8,64.9,29.185714285714287,2.2236906510034262
9cc59b58-c306-4213-9b4d-18f6fa19dfab,97.6,55.542857142857144,1.7572016460905349
9d155a0d-76e4-476c-95b0-5bc60512f916,70.8,36.885714285714286,1.9194422927962818
9d2b328f-be09-46eb-bd31-33ea0401b3c6,91.5,41.92857142857143,2.1822827938671208
9d49f09f-b95c-4c02-8bbf-380eff9d31e5,80.4,65.95714285714286,1.2189733593242367
9d4c36aa-b8df-4b1e-9221-22e5d966d553,64,38.75714285714286,1.651308514559528
9d6ff396-d4f4-40fb-9608-20a54863f753,2799,52.857142857142854,52.954054054054055
9d71aa47-98c5-43b4-8bce-3f758f28aad0,113.3,77.05714285714285,1.4703374119391919
9db8738b-a10e-488e-9f10-462d5658f7a4,78.7,41.957142857142856,1.8757235274089208
9e71aaf3-b5d6-4bab-98e5-01cd51f84adb,164.4,13.657142857142857,12.037656903765692
9e7fea35-074c-47ef-ad94-a486129bf2ec,738.8,46.385714285714286,15.927317523868185
9e8a1707-7439-4cdb-be10-372cea57bd6f,223.9,119.31428571428572,1.8765565134099618
9e8fee5c-a828-4a2a-a731-d2a1f9867cd8,70.3,47.41428571428571,1.4826755046700815
9e92242d-5424-4445-8f78-accb5b077c4a,182.7,52.07142857142857,3.5086419753086417
9ecc4ebd-e86f-4d09-b1e8-ea33c5ad0e15,176.7,72.47142857142858,2.4382022471910108
9eed3c94-bc6c-4404-a074-2290da38f339,1022.2,85.57142857142857,11.945575959933223
9eedf0e5-cb9e-4101-97fc-fc25a172ce80,191.7,44.77142857142857,4.28174856413529
9f21c63e-0e76-4475-8389-81138579b6c9,330.4,74.02857142857142,4.463141644152837
9f55645a-1de4-4a3c-8701-791c3f3672d0,64.6,56.5,1.143362831858407
9f6e48c1-cb9e-41a1-8d21-1724c4ebfd3e,126.3,45.065384615384616,2.80259452078177
9f7925ce-c1a5-4146-bfd2-25d08d7aebef,93.9,34.94285714285714,2.687244480784955
9f8db067-c04b-42c0-aa3e-4100683dcd62,37.6,21.642857142857142,1.7372937293729374
9f942c8a-a8eb-42b7-af6a-68bacec7e7d6,107,48.699999999999996,2.1971252566735116
9f967ade-26aa-4fdc-a408-1d910f1d43b8,143,56.22857142857143,2.5431910569105693
9fbf2bb7-c4c0-42ef-8593-e697ae82ae1d,837.5,53.44285714285714,15.670943597968458
a0073deb-0f85-4bbe-91da-55414cd2671f,92.5,39.385714285714286,2.348567283278926
a00aa380-43ef-4f6d-83e1-f245b46876a0,110.6,54.25714285714286,2.0384412848867823
a027d671-f179-42ce-88ed-c63fb30eff77,855.2,42.614285714285714,20.068387529332888
a03958f9-e325-4134-a499-c75ca1190cce,89.4,45.34285714285714,1.9716446124763707
a09e0d51-491e-4468-ac36-fa3b676fde19,607.7,53.12857142857143,11.438289862866363
a0d54df9-5424-4a30-b55f-f808bf02bd66,129.8,91.81428571428572,1.4137233545977907
a0f077e1-0a70-45ce-b2c4-d99a0f948ab8,522,42.957142857142856,12.151646158962421
a0f9a23e-c83e-4acc-ae06-d48a462dcaf0,84.6,39.785714285714285,2.1263913824057448
a14d9a94-20d6-45ff-8215-19c9de62dfb7,91.3,63.01428571428571,1.4488778054862843
a1f7c1a2-88f5-466c-a2bc-e05689601343,112.5,88.81428571428572,1.266688113237896
a22af7e5-0e65-48ac-8543-4cd5c2b426ed,49.8,36.55714285714286,1.3622508792497068
a2883541-cd94-4024-bc3b-26b903faeb07,89.4,44.24285714285714,2.0206651598320957
a2997377-bd79-44ee-a56c-7cb92f5f6f26,273.4,36.3,7.53168044077135
a2b44481-0418-41b7-ae85-c48acb4442e9,108,27.12857142857143,3.981042654028436
a2f1eda4-d4a9-41d6-8850-e71ed573b50a,176.4,47.31428571428572,3.7282608695652173
a2f4553f-abd6-43c7-ac45-0faf15c1c469,1138.1999999999998,80.87142857142857,14.07419183889772
a374fd1d-684c-4e14-a943-a6b07eaea008,82.5,38.82857142857143,2.1247240618101544
a3d9f02a-1937-41db-8af1-df7a1d92f043,187.6,47.285714285714285,3.967371601208459
a4045b3f-7602-41aa-a8ae-aee1b9b53e65,105.8,64.84285714285714,1.6316369244326945
a4425be5-448f-4149-bc50-5b2f802090c8,577.9,55.25714285714286,10.458376421923473
a44c5aa8-1f9e-402b-afef-d42e1d012a55,119.5,56.542857142857144,2.11344113188479
a472eecb-c07f-4066-9a73-5c17165dca11,117.7,46.65714285714286,2.522657685241886
a49fc1b9-58aa-4c6a-b48a-ccf6daede7ef,65.2,32.1,2.0311526479750777
a4f01ae8-aeee-41ff-8277-095eaf6b0fb7,91,43.471428571428575,2.0933289516924085
a527560f-ac73-4b18-85d6-b912e4a25a0d,1740.7,69.07142857142857,25.20144777662875
a5348159-9738-4e9e-95f2-d1de5b53919d,52.6,41.41428571428572,1.2700931355639875
a5643d8f-4b1a-41a2-ad6f-e89dca7ccce4,80.7,59.92857142857143,1.3466030989272944
a57f5b99-cba6-488f-869c-9464c982839a,147.7,95.1,1.5531019978969505
a59bae46-0242-4ae1-b360-c57a47401771,68,36.957142857142856,1.8399690761499807
a5e25c10-c42f-418f-9ba0-2aa3d44bee18,136.2,64.74285714285715,2.103706972639011
a651dde7-4def-45dc-be1b-f0ee332c775e,859,29.142857142857142,29.475490196078432
a669e7d6-abd9-423b-9800-cc18f7a81032,128.1,31.67142857142857,4.044654939106901
a66f3423-5755-43e9-9daa-5efea659c88d,42.2,36.94285714285714,1.1423047177107504
a6b5bedb-bcfa-43a2-aefe-385472fb75c0,1308,34.65714285714286,37.74113767518549
a6b8fa55-4f25-46d1-882a-b4d00bb47f7b,63.3,47.84285714285714,1.3230815168707077
a749c9fa-eae3-46c4-9ff3-be3cee97a274,81,40.714285714285715,1.9894736842105263
a84f3613-45af-49a3-8237-aa944dd06403,93.2,38.42857142857143,2.425278810408922
a8b449ef-f637-415a-9537-ec384cddce4f,115.8,42.08571428571428,2.7515274949083506
a8ce0abb-9d73-48ca-bf41-5a813b4a2ab0,61.5,25.242857142857144,2.436332767402377
a905ab9a-6715-45d6-b82c-b29269f1e1e2,105.2,48.128571428571426,2.1858118135945386
a925a25c-7db7-4df5-8111-992d0a1ced72,226,19.485714285714288,11.59824046920821
a98ee833-aba5-49ef-b247-7585585495f5,111.30000000000001,8.657142857142857,12.856435643564359
a9b8c874-3a3f-4166-93ae-2ec9f53b020e,204.7,36.885714285714286,5.5495739736638265
a9c5daa7-95dd-4ecb-aad1-c21e42e461b0,62.9,31.214285714285715,2.015102974828375
a9eff813-902a-4672-a311-43e26851a0ec,38.7,24.142857142857142,1.602958579881657
aa2b5d36-aa94-4b6a-9a9f-d1c6efd1b696,235.2,25.985714285714284,9.051126992853217
aa4a28d0-b7e7-44dc-81ff-46f2c02f02e7,72.6,27.900000000000002,2.602150537634408
aa8a5154-6e59-4c86-8bf1-381b7ebe6d40,63.9,28.17142857142857,2.2682555780933065
aaacb90b-9d85-44e5-9273-b6b9e2c2d8c6,146.5,52.371428571428574,2.7973267866884886
aae159a3-0dc4-4db6-b378-ad02a96bd446,90.8,41.471428571428575,2.1894591801584564
aaf7188c-5b2d-4090-9d2c-ad86be2dee02,114.3,50.52857142857143,2.2620865139949107
aba5e2b1-8d03-4946-95aa-81e1d0191e3a,86.7,40.857142857142854,2.1220279720279724
abdbc0db-8027-42a1-ab67-7fd66d7574dd,132.1,28.085714285714285,4.703458799593082
abe419d7-db3a-4ed4-a599-8ce5dd08334c,152.5,50.15714285714286,3.04044431785816
ac0e234d-50a9-4043-9eb5-671a3908782a,163.4,64.77142857142857,2.5227172474636084
ac23d0e8-78f2-4ad4-9d7f-160e4275b19b,104.6,50.34285714285714,2.0777525539160044
ac5318db-1909-44e6-9879-f9abb24aaae7,78.1,42.714285714285715,1.8284280936454849
aca74b8d-9357-4e2a-9715-1d493a6996b5,56.3,52.72857142857143,1.0677323218639934
ad370fe5-9077-41b5-890d-975c94e88463,91.9,47.57142857142857,1.931831831831832
ad89ba91-9d15-4874-9f1f-492bc692b4c1,157.4,51.114285714285714,3.079373951928452
ad9b4684-920e-43db-bd57-c0572d8ff4fb,221.4,102.95714285714286,2.1504093242680726
adabe318-ea7a-48ce-895e-c8c85570e61a,153.7,92.97142857142858,1.65319606637984
ae027ff7-0c96-4498-8c7f-dab8f5870c90,102.3,52.94285714285714,1.9322719913653534
ae505be8-4ea9-401d-a908-e15d82043fec,1038.9,44.4,23.398648648648653
aeb9d5e7-a1a8-47eb-aead-822723e612d0,176.5,37.2,4.744623655913978
aedd8260-09e6-4313-9a31-519c1cb5ebe8,173,87.08571428571429,1.9865485564304461
aeeb649b-7d10-4680-be2b-7152deac88b4,114.3,54.6,2.0934065934065935
af3640e7-31ee-4377-80b8-de48e6bbe399,118.1,54.02857142857143,2.185880486515071
af737e75-4cf7-42a6-8089-1e9511554666,103.1,41.22857142857143,2.500693000693001
af9ef6ff-c525-46f0-856f-c6565d3ad53f,149.2,80.89999999999999,1.8442521631644004
afeebe10-5712-4406-ae68-880af081fa78,231.8,72.4375,3.2
affb93a2-98b6-48e6-9c02-2fffac2fd3a0,97.8,47.94285714285714,2.0399284862932063
b01f67ec-10c4-4caa-994d-b22fa303223e,713.5,48.285714285714285,14.776627218934912
b0679cec-2a45-473f-9e09-c297c3e0e18b,98.4,42.7,2.3044496487119437
b0964443-de31-482e-917a-5ec422bcf60c,1465.4,25.285714285714285,57.953672316384186
b0cb526e-e63d-425a-bf85-da16459cf2d5,72,49.55714285714286,1.452868261746901
b0db6754-9753-42d0-98b9-65885ef5c6d8,101.4,38.885714285714286,2.6076414401175607
b119957c-9133-4121-9384-99b6d8b2af1b,111.3,42.7,2.60655737704918
b125a18f-acea-4520-a19f-a8c2dc791ec1,78.7,37.17142857142857,2.1172175249807843
b18442be-f8bd-402a-a593-1c37c148ad75,92.2,37.44285714285714,2.4624189240747807
b1ff6ba1-d4cc-4ec0-bc97-6c0f626766c7,106.1,54.65714285714286,1.9411918452692105
b22cf2fb-13c5-44dd-9da8-506a3a59b5e1,105,49.1,2.1384928716904277
b231a131-61b9-4c72-bbfe-a5a6a6aa90a1,86.2,40.05714285714286,2.151925820256776
b258ab31-5ac7-44e8-89c0-d296a386ed3d,169.9,81.2,2.0923645320197046
b25c2557-d8dd-4d2d-9754-52a3c3b3ea07,170.5,73.8,2.31029810298103
b2761493-7bc2-457e-8620-a9ce6b7f7f5f,69.1,42.82857142857143,1.6134089392928617
b29c6cca-5f55-44b6-904a-cb7dab18b53b,791.8,41.55714285714286,19.053282915091096
b2fc099e-60e2-483e-8409-23a74dd45b89,65.7,30.242857142857144,2.1724137931034484
b33c0292-0de2-449f-afb8-cae802b3eb2d,63.6,49.714285714285715,1.2793103448275862
b3c43707-5ecd-4be8-bd10-4be327ba0d63,4373.4,35.128571428571426,124.49694997966652
b40c06f1-e1c9-439f-8d34-fe6e4265fbd8,131.1,76.35714285714286,1.7169317118802618
b40c3cc8-4664-4937-aa72-ae8ec19edbf9,219.7,38.32857142857143,5.732016399552739
b414800e-173c-4e35-bc63-ad1861e7b85b,40.9,27.400000000000002,1.4927007299270072
b4157ebc-032a-4860-b81b-8cd68ab983cf,158.3,45.357142857142854,3.4900787401574807
b4161ac4-a2fa-49ae-b827-e0c4c1c9e853,92.2,38.68571428571428,2.3833087149187593
b4e23977-fcd5-40d5-87b1-530e797e44d8,86,48.24285714285714,1.7826473201066035
b52f1ecd-9e12-4148-9d8c-4098a2507a2b,149.3,53.885714285714286,2.77067868504772
b5914cd3-bf76-49e6-8726-1626213d59ad,932,10.46046511627907,89.09737661182749
b5fcfb11-8606-49a9-a601-bb34e5454bf8,89.6,29.07142857142857,3.082063882063882
b62d5bda-541d-44cb-9f12-9b02e3eea459,90.4,41.042857142857144,2.2025757048381482
b63d6444-1af7-49fd-9c74-832eedf8d670,125.2,58.58571428571429,2.137039746403316
b6567a90-d077-4ded-8e44-22dc2becf752,94.6,26.214285714285715,3.608719346049046
b66d7069-178e-48d4-bfd7-6110ccb485da,173.2,95.71428571428571,1.8095522388059702
b6b06466-9130-4a78-a1f0-9b1c00ec7030,112.9,31.82857142857143,3.547127468581688
b73243ea-ce49-4864-aeb7-0ba9176c74f1,147.6,41.44285714285714,3.56153050672182
b7690621-58b0-4e89-a6a5-291624de6bbc,125.4,50.142857142857146,2.500854700854701
b7be7c89-0e25-4818-801b-74f5513e80ec,102.7,48.92857142857143,2.098978102189781
b83d7d0e-6123-43af-a74f-cb87e00123ed,643.6,37.14285714285714,17.32769230769231
b8765237-e7ed-4fe1-8cf0-c8c9aa676882,40.6,23.87142857142857,1.7007779772591265
b8a9cfed-2d10-4624-aa92-1e1b9cb1cd18,177.8,93.08571428571429,1.9100675260896256
b8ad8e7b-f7d6-4149-9914-33f3b7661d51,89,37.871428571428574,2.3500565824217277
b8d41668-d2f1-4347-8380-1a1e57d33ffc,76.4,33.042857142857144,2.3121487246000867
b8e9db7a-425e-4fb1-90be-a60563124352,85.2,39.92857142857143,2.1338103756708406
b9e1e1b7-4c86-4de9-915f-d1e903246eda,209.1,67.05714285714285,3.1182360460161913
ba492b80-e8f6-440c-8159-020988ac9869,1361,57.97142857142857,23.477082306554955
ba92bb18-956d-48d8-a0c8-7786cbdcae54,93.4,48.77142857142857,1.9150556531927359
bab86340-145c-4f51-854d-5b12598019b8,30.9,22.623076923076923,1.365861951717103
bae2ea03-9b05-4aa1-a5c5-f1f83009e56c,89.3,45.84285714285714,1.9479588656902462
bb0b9c32-c038-4f0e-a325-8d0d7b313e01,127.2,68.94285714285715,1.845006216328222
bb4741e2-6d00-4635-bbb8-9acb7815c6df,76.6,38.128571428571426,2.008992131884601
bbcc3a2f-8f8e-43c4-abc4-108e27d3ac42,137.2,51.55714285714286,2.6611249653643667
bc116324-cdc4-44d5-82d8-e8f3107c84b7,94.5,40.81428571428572,2.315365768288414
bc4416a3-9533-4ea7-94f9-dfc812c5603b,56.7,28.814285714285713,1.9677739216658405
bc6b3851-6376-4aba-bb8d-058470acb398,152.5,54.68571428571428,2.788662486938349
bc946eb7-b34b-4c13-a42a-7360fb1b8fe3,45.4,37.14285714285714,1.2223076923076923
bca59aaa-7dbd-4ca0-9cf7-0371ca906e4c,147.3,57,2.5842105263157897
bced8bc8-1f49-4096-a045-f77d5208e09a,143.4,89.68571428571428,1.5989168525007966
bd65f99a-cc08-46c9-bc94-ac94f156b500,24.7,NA,NA
bd65fca9-277d-4913-b993-2e89e90bcb13,678.8,40.457142857142856,16.77824858757062
bd749bd0-785b-4e15-84b3-caa61aa61d29,132.7,38,3.4921052631578946
bd95873d-728f-419a-9b15-73684adb92a5,73.6,26.84285714285714,2.7418839808408726
bd9ea8fa-5505-4c96-a594-7e1d6dd6710a,33.2,24.4,1.3606557377049182
bdada405-1cf9-4a03-9fe4-21f13a29541c,183.7,60.5,3.036363636363636
bdca9ef9-513d-4b15-996e-a7ab7e1b3569,245,107.87142857142857,2.2712223546550128
bdfb537a-08d8-4b6c-b896-451fae6a1060,75.7,40.72857142857143,1.8586460890915468
be109820-50ca-4620-acc4-118487626873,222.3,61.357142857142854,3.6230500582072183
be6d4bee-a793-4bd2-8691-bc9af8178a08,221.4,121.12857142857143,1.8278098832409482
bea4fd14-e10f-44c9-b4f9-35b97ad91608,82.5,48.82857142857143,1.689584552369807
bebf7d00-b8e2-4cdc-bf03-9641c50e3fd0,166.3,52.957142857142856,3.1402751551119508
becf0bd5-65c8-4ff6-8cbd-9c415d10b7f6,108.3,36.77142857142857,2.945221445221445
befaa536-3d11-4e29-a644-c3a714d1a341,61,34.84285714285714,1.7507175071750718
bf159b49-baf0-4c27-b4f7-68c82a6feb13,94,43.58571428571428,2.156669944280564
bf2e42d6-fc2a-49bb-bb01-eecc40f7a452,243.4,95.9,2.538060479666319
bf4671e3-c59c-4a99-bacd-35107ab41bb4,231,53.77142857142857,4.29596174282678
bf91a296-7aef-45dd-a3e6-4870d7f96c4a,298.4,95.07142857142857,3.138692712246431
bf9db7a9-0f07-4fb6-9a48-ccb83fb7e14b,347.6,53.01428571428571,6.556723255187282
bfeb0a98-3879-495e-83aa-5b8057c9f9e6,330.4,80.35714285714286,4.111644444444444
c00bae1b-6c27-4a33-8aa2-f185105c29bc,774.3,47.385714285714286,16.34036780223093
c03ee11b-7f23-43f6-8f18-e2dbd6879c1f,570.3,35.81428571428572,15.923813322696448
c0e6b2a5-0408-4555-a950-7ca796240224,87.9,47.24285714285715,1.8605987299667373
c10fbfe3-f9dd-44c0-8ed4-cd016be57770,87.9,58.74285714285714,1.4963521400778212
c14c0f32-2c63-4822-89a0-e913cb027c64,101.8,40.628571428571426,2.505625879043601
c164cbdc-67f3-43dc-96c3-b6f2aacedb54,88.9,50.214285714285715,1.7704125177809389
c16cdf70-a28c-43e1-91dc-6ee6ede65494,113,54.01428571428571,2.0920391430838405
c1a12785-eb9a-4676-8474-40e8b77c2580,113.5,53.15714285714286,2.1351787153990864
c1ad04bd-b403-4c29-aabe-3ab997316381,66.6,54,1.2333333333333332
c2710c35-1eec-4233-8802-a3c703893b23,36.4,33.114285714285714,1.0992234685073339
c28de777-ad9e-40bc-8e67-9c7c3e535e69,113.2,107.5,1.0530232558139536
c28e132c-d464-45a7-a3ad-b00db3761af5,134.4,53.98571428571429,2.489547499338449
c2a87ddb-19ec-4130-bc75-6b46ef579f55,127.2,52.47142857142857,2.424176422542881
c2ac38ca-6ff7-43fe-8261-6fffc42813a2,151.9,44.542857142857144,3.410198845413727
c2c82a7f-dda6-452b-908e-2ca3854bdedb,85.4,47.07142857142857,1.8142640364188165
c32badf6-f393-4630-a5bb-d0ef820733c4,128.9,37.542857142857144,3.4334094368340944
c3435066-3c3a-47f7-9ac6-90a794813fef,113.2,42.871428571428574,2.6404531822725756
c3f5775e-8550-42a4-bd82-29df4069ad43,529.8,30.885714285714286,17.153561517113783
c49e9c01-a093-4085-9107-d496d0d65c57,116.9,53.128571428571426,2.2003226673837055
c4e0cd51-ac0e-486f-9dd5-a14e04ef6a6d,92.7,44.27142857142857,2.0939012584704746
c523e54d-b036-4974-a66b-2ba9b2c99fc2,109.1,57.3,1.9040139616055847
c5458181-c4c4-420e-808c-6280257a1fba,434.6,35.84285714285714,12.125149461937028
c564ac22-eade-4867-8ad7-e98ce35c0358,68.5,54.042857142857144,1.26751255617235
c595cee0-a310-4c30-a6cb-caf0f8ceb3e8,81.2,51.41428571428572,1.5793275909974993
c68aa25b-30cb-4cf7-9932-d8ede76c0748,232.3,95.88571428571429,2.4226758045292014
c6e045d2-2c75-4558-b93c-e25cb305176f,86.8,44.05714285714286,1.9701686121919584
c6fe6ca7-1e21-48d0-abe0-03d1a0051018,466,56.542857142857144,8.241536129358261
c721e382-57e9-487c-b4f2-609ee2a6976b,1615.8000000000002,41.385714285714286,39.042457714877465
c73f8433-b883-4d56-bf9c-fda0a20e3c90,94.1,41.47142857142857,2.2690320358250085
c761cd38-bb04-417f-8035-8c9d281a1e85,147.1,40.05714285714286,3.6722539229671898
c7646870-618e-4f9b-897f-6f5785e5d843,89.9,50.25714285714286,1.7888004548038658
c76fc701-1f30-47a0-9522-830e4c0322f8,76.6,36.25714285714286,2.1126871552403466
c7b87c67-1f45-4a7d-bc78-f35466f9f3eb,190.8,115.05714285714285,1.6583064315867895
c7fef041-2e41-4454-a8fe-766f947e80db,111.4,39.471428571428575,2.822294607310894
c83e226c-3d7a-491e-a4a1-ba6ae3b536e9,44.8,22.84285714285714,1.9612257661038148
c863bd2d-64ef-4613-969b-06da92d5711f,93,36.8,2.5271739130434785
c865c8b6-c12f-4e7a-bec0-a4abb1c436e8,2112.6,43.91428571428572,48.10735198438516
c868041a-5d88-4e3b-8e39-587f0137eb2b,115.9,49.6,2.336693548387097
c8756f51-b13d-4201-b3e4-b7aa08112101,115.7,54.114285714285714,2.1380675818373813
c8775c08-c194-4976-8d9c-5b06f5fb92f3,83.6,41.94285714285714,1.9931880108991824
c8a274b1-2270-4516-8155-483b6a789ade,135.2,48.857142857142854,2.767251461988304
c95e5a5a-14a8-4f41-9ac1-6b460bb0c510,78.6,34.08571428571429,2.3059513830678955
c9db781c-bb70-4fb3-b0d9-03fdb926c17f,90.4,42.67142857142857,2.1185135587546036
c9ed3c57-9f06-4f39-a28b-b7beee031279,1110.6,52.128571428571426,21.305015072622634
ca668307-64b5-47ac-bedc-fc59c77e6475,77.5,40,1.9375
ca83b927-b799-4b23-b468-1bc3a577bb01,189.3,81.1,2.334155363748459
cb1769d2-eec7-491f-861a-d8424be39648,938.6,78.67142857142858,11.930633738877791
cb9a2550-b2e9-434b-a56a-a13f4bee35a3,60.6,40.885714285714286,1.4821802935010482
cbd163ff-5050-4324-a1aa-bc6e114c98af,121.6,47.01428571428571,2.5864478881798845
cbf8a160-b33d-4a22-8862-7676337dcec9,23.7,18.5,1.281081081081081
ccc0849c-4ac1-432d-b93d-2b719ddce402,92.2,51.68571428571428,1.7838584853510229
cd4eb412-e242-4154-8250-50c45df776af,99.1,50.65714285714286,1.9562887760857302
cd636592-f493-4f64-9c0e-b6356dac56aa,1092.9,44.97142857142857,24.30209656925032
cdb6f089-ef88-42c1-969a-95c19e9862c8,160.5,46.1,3.4815618221258133
cdf3eeb9-fcde-4e4f-89df-8c1ad703b0b2,112,43.8,2.5570776255707766
ce40052f-a63f-48c9-a3ef-e2a369fb3552,80.9,41.1,1.9683698296836984
ce5d48ca-a01c-4f00-ba15-02b9add9d284,109.6,44.14285714285714,2.4828478964401297
cec449a2-1764-4e66-8acb-48ff21835d95,85.7,52.51428571428571,1.631936887921654
cefcd5c0-66e6-4080-a2f5-78067599a1e1,2573.6,62.371428571428574,41.26248282180485
cf042f0e-6889-4ba5-b84d-f318c52fe79a,121.5,67.21428571428571,1.8076514346439958
cf064310-3087-498d-9cb8-02a1e4589483,213.8,107.02857142857142,1.9975974372664176
cf281ea8-364f-4632-bf86-66e41f975384,246.5,46.542857142857144,5.296193984039288
cf5bc0fe-7858-4672-b4c5-c49e2f6ebb29,73.4,43.55714285714286,1.6851426697277798
cf72e1a8-27a4-421c-84cc-ab614f7bfbd9,104.2,51.41428571428572,2.026674076132259
cf854b97-65e6-48e0-9f3c-145b3b9515eb,56.5,49.471428571428575,1.1420733468091249
d01f9d2c-54da-4872-8566-c1afcf4fd9d6,446.5,37.18571428571428,12.007299270072993
d0a7d503-b2f7-4aad-8c69-c08b2037a336,343.1,58.98571428571428,5.816662630176799
d11ab108-deaf-45c9-b45d-dc7ae62ed9b3,115.3,51.785714285714285,2.2264827586206897
d12fecbe-e39f-4608-85bf-309a5e69fb5f,126.8,44.22857142857143,2.8669250645994833
d15064ce-5ff7-402d-b41f-9c8c039dac0d,713.3,35.285714285714285,20.21497975708502
d159a3b4-c255-4c60-b269-2cc646dcc8d7,128.8,45.871428571428574,2.807848022422921
d16243fc-7112-491c-966d-8691304a121b,894.2,41.25714285714286,21.67382271468144
d198b16e-f8b5-4156-a66f-0b07e42346a0,106.5,62.72857142857143,1.6977909360054657
d1a00754-74a2-433c-830c-44e8da7dfa8d,188,109.38571428571429,1.7186887815071177
d1bb40fd-9384-42aa-888d-ca7623e182ec,473.3,45.94285714285714,10.301927860696518
d215be5f-7cf4-403d-b4c5-652959a87eb7,82.8,41.285714285714285,2.005536332179931
d223b437-6b68-46ca-9f09-46378011215c,84.4,42.9,1.9673659673659676
d25f5879-d393-48dd-b5d8-5e1f3905cd7f,144,87.55714285714285,1.6446402349486051
d2a03bcf-37ff-4875-a77f-8347bf25a870,1695.5,47.75714285714286,35.50254262638349
d2a88368-592b-40c1-ad95-7b901358d55a,74.1,33.55714285714286,2.2081736909323113
d2af31d8-ade2-4d1e-8739-a6b3644029fd,59.6,47.01428571428571,1.2676997872986935
d330202e-0b03-451b-bad7-b70d2fdcc1fb,241.5,61.457142857142856,3.9295676429567643
d3719a25-de46-4a84-9b54-834823687b8b,121.4,39.74285714285714,3.054636951833214
d40e96f8-feb5-4f64-b78b-c918e772b363,220.5,26.957142857142856,8.17965023847377
d4976aaa-59a5-4032-8b6c-acce9b90d638,439.1,52.25714285714286,8.402679059595407
d4bec54c-ee1f-4ee7-8be2-ec1a1ca1154a,146.2,43.97142857142857,3.3248862897985707
d4c2f9c3-195c-4c2c-afbe-c58479b01d1d,67.5,31.557142857142857,2.138976912630149
d50e70b3-4f1d-4e1e-b203-bf4fa12d3edb,1419.5,55.857142857142854,25.41304347826087
d56fbd30-fb14-428b-990a-6e607749136b,940.4,48.7,19.31006160164271
d5b8e5f8-5a36-41ac-99a9-651a62c63b4f,1847.8,49.01428571428571,37.699213057417666
d5f43352-b925-4aef-b511-ed31c6151dfb,147.1,42.72857142857143,3.442661317285189
d5f95895-905e-4bca-abbc-f7cb24abeb61,67.6,29.557142857142857,2.2870952150797486
d60d52fd-1c93-416f-97d1-04de2216d2bc,60,52.971428571428575,1.1326860841423947
d612849d-42d7-4069-ab21-1461d08d409b,390.8,88.7,4.405862457722661
d659f2c2-bc2a-4f2a-9a7f-dffec5a05a54,121.4,41.58571428571428,2.9192717279285474
d6adf2fd-0e4d-426f-8377-c8eeec5c44f4,576,109.64285714285714,5.253420195439739
d6c1aa0e-0156-4166-ba67-8127e7691afb,374,50.55714285714286,7.39756993500989
d763f5e4-58c6-45c7-8cdb-6f85385d741a,2591.3999999999996,51.25714285714286,50.55685618729096
d7947cd7-f563-418e-97d0-76c79d44e8e6,52.7,29.32857142857143,1.7968826108134437
d7aa11b4-d0b1-4281-bde7-333b7dc1b294,88.3,54.55714285714286,1.6184865147944487
d7bb8a44-2424-4b21-9de7-7ca5c6c692e5,231.7,114.68571428571428,2.0203039362232187
d80c2151-3d83-425f-98de-ecab98306efe,140,30.142857142857142,4.644549763033176
d8123112-ced8-41b8-bdf7-d9ae74bb9f79,95.7,47.614285714285714,2.00990099009901
d831a391-105e-4199-942d-cd4ffb649639,93.2,47.1,1.9787685774946921
d8630117-551d-4368-a5b0-932eb30afe51,66,50.371428571428574,1.3102665910380034
d88f3323-8a15-4e0f-b05c-376392cce572,105.7,60.48571428571429,1.747520075578649
d8950102-a52d-4ba0-bcab-2a531713b94f,151.4,40.82857142857143,3.708187543736879
d8b56b69-cacf-4fdf-870c-f87d7323692c,62.9,35.614285714285714,1.7661452065784196
d8df0019-fd8d-4e23-a1ee-0219e878771d,175.4,35.042857142857144,5.005299633102323
d8fdc447-6c85-42f9-acdb-5a4b3d1b45e6,84.1,NA,NA
d98e6fa3-706c-4335-a58b-34b46880551c,82.9,44.471428571428575,1.8641182139415355
d9ad49c9-ddf1-4243-83fc-2aa4b84d6307,119.3,42.24285714285714,2.824146094014204
d9c4be1d-95f3-4d19-9036-77c1b64e01b8,4513.9,35.68571428571428,126.49039231385107
d9e6b52f-631b-4cf6-8d6a-22e5039d2236,82.1,39.3,2.089058524173028
da133902-ea27-47e1-ad01-fdddf439ff6f,84.7,43.07142857142857,1.9665008291873964
daf15d7d-69cb-4963-8abc-1bd359c56145,132.2,38.042857142857144,3.4750281637251215
db47718d-e660-494b-9d77-6f0d0f3fc82f,119.3,39.27142857142857,3.037831938886868
db4eea01-7f37-4ed3-ab02-d3a3c39f69ec,105.4,46.68571428571428,2.25764993880049
db892572-31e4-4261-b69c-2ff8dfa4deb0,175.7,39.81428571428572,4.412988876928597
dc29b3b4-1986-4978-9a44-94887adec077,61.9,58.214285714285715,1.0633128834355827
dc56b61b-24e1-49fe-8631-e1db338524f6,257.6,57.18571428571428,4.504621533849614
dcef1e98-8704-42b8-b575-0abddf835e81,275.5,109.10000000000001,2.525206232813932
dcff1b63-7e48-493e-88c6-d8c5b69fe3e0,148.9,51.22857142857143,2.9065811489124376
dcffa450-bf61-4b7a-8427-40f7f0972c38,112.2,38.48571428571429,2.9153674832962135
dda5cbde-2bc8-4353-9fe2-03db7bfa5611,85.4,34.214285714285715,2.4960334029227558
de4bafcb-24eb-447b-9632-868d24a6d732,44.5,34.08571428571429,1.3055322715842412
de5226fd-db9f-4c69-8df7-6e31abddf219,99.4,49.542857142857144,2.006343713956171
de61a612-cdf1-4f8d-b02b-97fc62638e10,126.4,44.31428571428572,2.852353320438427
de62bbb1-98ac-46eb-9b09-4f217dbcd7bc,407.9,43.957142857142856,9.279493012674683
de724a92-7521-4b76-9307-8bf969dc6196,155.6,60.25714285714286,2.582266477003319
de88d956-145f-44f8-846b-a38cd3b630a6,182.1,96.11428571428571,1.8946195005945303
dee219b8-85ba-456e-a9c9-6c483be6b3c5,149.9,31.357142857142858,4.780410022779043
df2a6035-58ff-4ef0-bc79-fce2051755ce,245.7,95.02857142857142,2.5855381840048106
df3f5a3f-f2a2-4bdf-a343-5fce2a4d4b12,156.6,48.74285714285715,3.2127784290738566
df813e9b-769f-4a31-8ff7-df9ba8a38401,57.5,46.72857142857143,1.230510547233262
dfa13158-d041-47ea-a49c-bf77e2487659,32.5,22.542857142857144,1.44169835234474
e002bfa3-a306-432c-846b-243feeee6bd6,377.2,28.885714285714286,13.05835806132542
e01350cb-bf1b-4333-9f51-b2822bdfd728,70.3,44.957142857142856,1.5637114712424531
e0175aa0-d085-4a5c-94fd-7ff076f863a4,138.2,40.08571428571429,3.447612259444048
e05ea781-9257-4f57-a362-13693a57757c,176.2,47.55714285714286,3.705016521477921
e0633bb1-2948-414b-a85d-edb720f1e4fd,99.9,40.67142857142857,2.4562697576396206
e091628b-9c36-47c2-9a8b-41e3f9f78dac,77.5,43.42857142857143,1.7845394736842104
e0c5b5f1-8367-4a41-a284-6d104fb40381,70.4,30.84285714285714,2.282538212135248
e120470d-cf7a-49e5-896a-1e4d9072d67d,65.9,37.114285714285714,1.775596612779061
e15a6e1e-e91f-4976-9180-17663d93fc1e,54.8,30.87142857142857,1.7751041184636742
e1c2e7b6-3541-4d36-b734-e36bb6693096,99.2,56.05714285714286,1.7696228338430173
e1c80e7d-78e1-441b-aee1-b909bbf27de6,425.8,57.92857142857142,7.350431565967941
e1d2aec7-eb12-4798-88fe-186c289d1c46,100.5,49.74285714285714,2.020390580126364
e1f23700-77e8-43d7-b400-dc7df6bd1a8b,1103.8,86.4,12.775462962962962
e209bb01-a59c-418e-b310-8dae6d74046a,183.4,40.285714285714285,4.552482269503546
e220d87c-c42f-4801-9f5e-3329d465e3c7,212.4,59.97142857142857,3.541686517389233
e232ee8a-1ec4-438b-92aa-4470e782605d,54.5,46.05714285714286,1.1833126550868487
e23445b3-a815-4c96-900a-5289880d5b77,100.1,41.52857142857143,2.4103887168902647
e25911a5-9494-4d2c-af39-e67689841f79,320,90.04285714285714,3.553863239727114
e272a928-270b-42c8-b0ba-3ea8eb1f2397,1460.8,44.5,32.82696629213483
e2ccddd5-0322-441e-8b75-7d4d01478494,839.5,28.114285714285714,29.860264227642276
e2ee2986-e37e-47dc-b3d8-2f96ddabab2e,328.3,106.55714285714286,3.0809760021450594
e340e655-1fde-4fba-901f-0d6a5b6342bc,98.1,52.35714285714286,1.873669849931787
e34a890d-869c-4704-bb1d-48541749afcd,37.2,17.3,2.1502890173410405
e35c3490-4a40-4bd5-9c94-ae26432133cf,65,22.8,2.850877192982456
e35cbd7b-756e-4512-8557-56d79d164610,211.2,105.54285714285714,2.0010828370330263
e36cc7ef-aeca-423c-b848-bdf4f819b4d2,288.7,28.571428571428573,10.1045
e3973818-442a-45bb-aead-6a4a598f06bc,167.1,99.24285714285715,1.6837483805959406
e3adcecf-448c-41bf-9102-bbc413ff0c04,75.2,40.52857142857143,1.8554811420514628
e3b89ad5-fd2d-4181-913a-cbab6eb46690,60.3,26.65714285714286,2.2620578778135045
e3df3f6c-55f4-45a8-88a3-551bf9f0dde3,347.9,49.042857142857144,7.093795514127584
e3fe0491-e5be-4d77-bb7b-5d008eb80812,137.8,46.9,2.93816631130064
e403c466-99e5-4bb8-b636-5e18504412a0,122.6,52.24285714285715,2.346732294230243
e41d6626-19eb-40fa-ae7b-0eac20c53a68,97.6,43.614285714285714,2.2377988863413036
e430203e-ce0f-4ba2-950c-efbf26ee9429,68.5,32.957142857142856,2.0784568703944517
e4b15fbd-4fc7-462d-a257-16a58696480d,123.5,60.02857142857143,2.0573536411232745
e4c71342-5076-4df0-b155-5b066e135169,146.3,45.08571428571429,3.244930291508238
e51a4fa4-b5c1-4212-82aa-f95df8d148e4,196.1,45.18571428571428,4.339867214669618
e526985a-21d7-4752-ad9b-284768e4fd48,284.5,22.12857142857143,12.856681730148482
e5c2beb4-dfde-4091-8cf6-2845584234f3,193.1,63.285714285714285,3.0512415349887134
e5e4bb7b-32c9-4f9d-ada2-e31c5812a2f3,92.4,51.31428571428572,1.8006681514476615
e5e4c792-efb9-4aa9-af1a-87a7ac6f893f,594.9,28.8,20.65625
e60ec5f6-9bc5-4c62-83a4-cd849dcfba9b,146.3,80.12857142857143,1.8258156534141559
e69d87a4-29f7-44c9-95a6-ae0e6343cd40,147.5,39.91428571428571,3.695418754473873
e6cf2a8c-3314-4abe-93d4-d1741592b695,66.6,44.31428571428572,1.5029013539651837
e6deba2d-2cda-4597-ab76-00a45c3f9142,113.4,60.32857142857143,1.879706369879233
e7561e56-a7af-414e-b672-6d9e0b090123,43.2,23.65714285714286,1.8260869565217392
e7b0d544-eb74-41b3-9cfb-93dc7403b5c1,66.5,34.714285714285715,1.9156378600823045
e7d99742-7906-45df-9c9a-bb7152269690,568.9,53.957142857142856,10.543553084458566
e8891361-988c-4485-b1cc-7d3bf3e6ce6d,252.8,37.75714285714286,6.6954218690881575
e90cf998-df99-4a6f-87a6-5f72fdaf6424,251,47.6,5.273109243697479
e90e1818-f6b5-4af8-bf8d-1029c222c596,2639.3,104.52857142857142,25.249555828891626
e9210537-efd8-4ba8-8449-c6947076b834,142.1,60.44285714285714,2.350980855589695
e9656982-4bea-40f7-bda1-303435629692,220.8,46.8,4.717948717948718
e986cb30-5aac-42e6-be3e-1b2d7fa6f004,67.2,38.64285714285714,1.7390018484288357
e9bfdd8e-2bd5-43c3-8252-84db2bf94ca1,426,42.4,10.047169811320755
ea24fb60-3113-4da3-93aa-52715f816143,136.6,58.51428571428571,2.33447265625
ea7b3b20-40a4-4371-806e-e5848769d051,1420.3,49.72857142857143,28.561045676529734
eaa67e0c-4195-4a21-9d31-0c8bbda7d229,52.4,25.585714285714285,2.0480178671133444
eaae9d3f-4c52-4455-9c36-c26a1e437934,70.5,49.34285714285714,1.4287782281412855
eb574163-c800-48ae-9614-2b754e8aa89d,90.7,33.07142857142857,2.7425485961123113
eb723927-3cf1-4633-a352-0be265143842,77.1,30.557142857142857,2.523141654978962
eb8f6464-51f7-480d-87e0-cbc8e5f31217,1244.7,88.37142857142857,14.08486905916586
ebfc656c-2e8c-49d7-bbf7-53fb6160c34b,45.7,24.414285714285715,1.8718548858981863
ecf8e81f-0600-42f9-830a-e3d72f2d655a,69.4,47.32857142857143,1.4663447026863872
ed36ca34-e13e-4d4e-8e43-9ea5fe7c397b,41.8,30.67142857142857,1.3628318584070795
ed45f06b-51b4-4028-9922-ca45f6dd5ba0,94,45.042857142857144,2.0869013637805263
ed8e9fc6-8186-48f9-91c0-f2f387442d75,68.3,28.32857142857143,2.410993444276349
eee8cd92-55fd-4a6a-8339-c01c7ae0b86e,93.5,55.55714285714286,1.6829519156595525
eeebc72f-dbe8-4510-8f0f-87197b688a85,232.8,98,2.3755102040816327
ef176dd1-8f73-46dd-a277-8f6a1b929de7,202,79.87142857142857,2.529064568055804
ef92ffcc-47a1-4640-9d0e-195e06fe9d74,93.1,55.75714285714286,1.6697412246989494
f03c097d-9067-4998-a320-296589628194,85.9,36.84166666666667,2.331599185704592
f03e13f4-aaae-4955-9840-da9d7f97eb1a,558.3,28.9,19.31833910034602
f0a75c18-412e-4ea8-a19e-b9e452022fff,3010.8,85.57142857142857,35.18464106844741
f0ac8beb-8c4b-4d6e-969c-f8df1419f898,175.5,41.042857142857144,4.276018099547511
f1344f4f-6909-47ab-b49f-7564f140528a,118.9,60.857142857142854,1.953755868544601
f1674966-35fa-4552-b8be-8fd602e27118,119.2,54.94285714285714,2.169526781071243
f1da25ad-55de-4fc2-a9de-8d7e42c52f39,684.1,32.14285714285714,21.283111111111115
f20d24f8-b810-4af6-8d1a-c1ecae8ad8cf,141.9,65.88571428571429,2.153729401561145
f23222f1-4c92-42b0-8383-1392eef75939,82.4,51.97142857142857,1.5854865310610227
f2867d2f-39c0-41f6-80c7-ed82fd078766,224.3,56.81428571428571,3.9479507166205687
f286bf7e-807e-4ddb-919e-e2225d2dfab5,49.9,38.94285714285714,1.281364636830521
f2e0c87d-6b04-4a1f-8d62-b2c00cb994bb,161.3,59.371428571428574,2.7167949951876804
f3fcd3e4-efb5-4c2c-8eb4-c13278ed7d19,112.1,41.957142857142856,2.6717739189649303
f401399d-0492-4961-8556-c85662875ec2,147.8,95.22857142857143,1.552055205520552
f4d5764f-952c-4c0a-afe5-5a62e8c54d20,95.3,46.72857142857143,2.039437480892693
f51adf13-8868-4007-b82e-44c668280349,106,51.18571428571428,2.070890315378175
f59f6b35-01e2-4d12-9cfe-09be0e870703,65.8,46.65714285714286,1.410287813839559
f5b8dc46-aff1-4a99-996f-093c774e6cb4,82.9,38.17142857142857,2.1717814371257487
f5bb2ec8-0399-4b91-be6c-bc5b4f4d5cd4,54.5,41.8,1.3038277511961724
f64087a8-f3c0-4e51-a810-7dfb0e517a96,38.7,27.114285714285714,1.427291886195996
f6715c4a-8c79-4a74-96f9-b53448f56a8c,50.8,24.614285714285714,2.0638421358096344
f6ca950e-bdb3-4664-b81e-a657730cd7f5,604.5,29.314285714285713,20.621345029239766
f7029b0d-c6f9-4131-bfe1-0c712b67d47d,133.8,34.82857142857143,3.841673502871206
f7498995-bdc8-4385-9bf1-df331363df34,79.2,42.18571428571428,1.877412800541822
f7d650de-ab42-4776-ba97-f1d833a0b256,111,54.41428571428571,2.039905487004463
f7f96d71-c531-4474-bf24-e1af928ce607,178.7,29.414285714285715,6.0752792617775615
f846076b-a903-469f-827f-0eb89e40c8ae,2084.9,110.18571428571428,18.921690652145728
f89f907e-47cf-45a4-8fa5-d4f9c4d976b7,100,40.25714285714286,2.4840312278211494
f8a9ed52-c209-4e36-9fff-d9b23dacdd43,86.2,50.55714285714286,1.7050014128284827
f8b924f1-e8de-4d4b-80f3-08503f5715c3,116.6,57.457142857142856,2.029338637493784
f8dd3f44-8422-4612-8859-1a4434998166,104,47.3,2.1987315010570825
f8f7a967-5f4a-464b-a4f6-f93c0722a0fd,106.4,108.35714285714286,0.9819380355965722
f979b288-f228-463b-99ad-4d4457292f30,56.4,48.614285714285714,1.1601528063473405
f9eac854-9c4d-4bcc-a56d-f932727b2eaa,72.7,30.857142857142858,2.3560185185185185
f9faf688-00ce-477a-9a1a-8276db9203e3,56.9,43.91428571428571,1.2957059206245933
fa67f16f-159b-4da7-b4e8-250e8cc60292,52.2,37.714285714285715,1.384090909090909
fa6b9045-b37e-40a3-9c17-1d4f1cc9693e,170.2,50.55714285714286,3.366487708392201
fabc3444-0a98-4e29-a39c-4b4996c54c9e,137.2,46.08571428571429,2.9770613763174203
faf08b52-72c4-45c2-a199-0e72af8054ec,190.1,36.028571428571425,5.276367961934973
fafe9f10-443b-4b5c-bce0-043e467feeff,76.6,NA,NA
fb2d3ced-a7d3-4704-90c3-6a5339401423,28.9,21.857142857142858,1.3222222222222222
fb36a4a3-f96c-42e6-865b-a6c24ccd933a,98.8,52.07142857142857,1.8973936899862827
fb8e90a1-b3b7-449d-9d36-fb6174cd8002,54.3,29.728571428571428,1.8265257087938491
fb9089c0-b7d4-43ce-be99-507d5402ba4c,109.4,47.58571428571428,2.2990093065145607
fb9250c9-56a0-4467-b7ba-416ceac9b81a,66.8,50.92857142857143,1.31164095371669
fbeebe8e-27e6-45c2-bb72-f34ce2ff3de0,103.1,49.84285714285714,2.068501003152766
fc05bd5e-5394-441e-a14f-e704a7286813,46.3,23.785714285714285,1.9465465465465466
fc75ec09-9c26-4e4e-ae3b-8af3a088a9f9,83.6,30.12857142857143,2.7747747747747744
fca052e7-4376-4f21-b79d-cc4f42c541fa,69.1,59.614285714285714,1.1591181404265516
fcc19ea3-1a55-4886-b5b7-c84fe1f43f9a,883.4,48.84285714285714,18.086575021936238
fd260658-dca0-4af9-9040-0cc5de57704c,122.6,35.31428571428572,3.4716828478964397
fd364be1-4dbe-439a-bab3-1b1908a90cd2,901.5,46.65714285714286,19.321800367421922
fd3e16de-57e2-496b-81c3-d8a91b5219df,571.1,30.757142857142856,18.568044588945657
fd628cf8-ced6-473c-ac72-dbfaa0831711,147.1,49.82857142857143,2.9521215596330275
fd6b1bba-1184-44ce-8f6b-06fd2c549f5c,130.4,43,3.032558139534884
fdb1a22a-cfdb-44df-a8df-dbe2e2cfd1b8,137.9,66.4,2.0768072289156625
fdeee6ca-0382-48b8-989e-5da7d1124d1c,115.5,34.75714285714286,3.323057953144266
fe1ec099-66de-4e5e-98de-bb98f8f03b48,104.2,45.84285714285714,2.272982237457152
fe1f30d6-bfb4-40f7-928d-f5efdfac3e19,46.6,36.457142857142856,1.2782131661442007
fe257b57-924e-4a22-8110-1c9628a287b7,110.9,63.542857142857144,1.7452787769784173
fe7f4ff1-db01-4c78-b0b2-c2d7fa4a10f2,82.5,43.714285714285715,1.8872549019607843
fed033fa-c0ec-40fb-b07b-438e720a659b,84.3,33.24285714285714,2.535883111302106
ff353a4d-634d-4bac-9b79-5a88dc833cc8,97.3,42.6,2.284037558685446
ff7c9035-24ab-4dcf-a2ef-fa011f7e2304,128.1,23.071428571428573,5.552321981424148
ffae7b9d-7bb6-4b9e-8d66-8c02e009a065,62.8,29.614285714285714,2.120598166907863
ffe0206f-03e0-4ea9-8716-9dbd5aabe9ad,240.4,82.11428571428571,2.927627000695894
fff2b139-4529-40d2-b02a-2eae3f377b1d,70.4,51.72857142857143,1.3609500138083404
fff721ac-bd2e-476e-8e20-11587e2280ab,93.7,50.31428571428572,1.8622941510505395
fffcf4b2-9610-4317-809f-c6b51b6eb6df,224.8,116.48571428571428,1.9298503801815061
